DATE,SURPRISE_STD,TIME_EST,DATETIME,DATETIME_CET
14-Jan-1999 00:00:00,1.10938776870014,08:30,14-Jan-1999 08:30:00,14-Jan-1999 14:30:00
21-Jan-1999 00:00:00,0.367854533132615,08:30,21-Jan-1999 08:30:00,21-Jan-1999 14:30:00
28-Jan-1999 00:00:00,-2.14911847254489,08:30,28-Jan-1999 08:30:00,28-Jan-1999 14:30:00
04-Feb-1999 00:00:00,-1.10659216743504,08:30,04-Feb-1999 08:30:00,04-Feb-1999 14:30:00
11-Feb-1999 00:00:00,-1.09203174417931,08:30,11-Feb-1999 08:30:00,11-Feb-1999 14:30:00
18-Feb-1999 00:00:00,-0.320329311625932,08:30,18-Feb-1999 08:30:00,18-Feb-1999 14:30:00
25-Feb-1999 00:00:00,-0.285675504277307,08:30,25-Feb-1999 08:30:00,25-Feb-1999 14:30:00
04-Mar-1999 00:00:00,-0.468554420369205,08:30,04-Mar-1999 08:30:00,04-Mar-1999 14:30:00
11-Mar-1999 00:00:00,-0.0553296083717513,08:30,11-Mar-1999 08:30:00,11-Mar-1999 14:30:00
18-Mar-1999 00:00:00,0.36715563281634,08:30,18-Mar-1999 08:30:00,18-Mar-1999 14:30:00
25-Mar-1999 00:00:00,-0.62365204888918,08:30,25-Mar-1999 08:30:00,25-Mar-1999 14:30:00
01-Apr-1999 00:00:00,-0.101922962790069,08:30,01-Apr-1999 08:30:00,01-Apr-1999 15:30:00
08-Apr-1999 00:00:00,0.461274208741343,08:30,08-Apr-1999 08:30:00,08-Apr-1999 14:30:00
15-Apr-1999 00:00:00,1.2446249798993,08:30,15-Apr-1999 08:30:00,15-Apr-1999 14:30:00
22-Apr-1999 00:00:00,0.481600559606334,08:30,22-Apr-1999 08:30:00,22-Apr-1999 14:30:00
29-Apr-1999 00:00:00,-0.959590134245247,08:30,29-Apr-1999 08:30:00,29-Apr-1999 14:30:00
06-May-1999 00:00:00,0.262087618603035,08:30,06-May-1999 08:30:00,06-May-1999 14:30:00
13-May-1999 00:00:00,0.249623896296136,08:30,13-May-1999 08:30:00,13-May-1999 14:30:00
20-May-1999 00:00:00,-0.172570136426844,08:30,20-May-1999 08:30:00,20-May-1999 14:30:00
27-May-1999 00:00:00,0.0072802116278621,08:30,27-May-1999 08:30:00,27-May-1999 14:30:00
03-Jun-1999 00:00:00,NaN,08:30,03-Jun-1999 08:30:00,03-Jun-1999 14:30:00
10-Jun-1999 00:00:00,1.02505379720298,08:30,10-Jun-1999 08:30:00,10-Jun-1999 14:30:00
17-Jun-1999 00:00:00,-0.786262855809106,08:30,17-Jun-1999 08:30:00,17-Jun-1999 14:30:00
24-Jun-1999 00:00:00,-0.195517363477866,08:30,24-Jun-1999 08:30:00,24-Jun-1999 14:30:00
01-Jul-1999 00:00:00,-0.265582120184409,08:30,01-Jul-1999 08:30:00,01-Jul-1999 14:30:00
08-Jul-1999 00:00:00,-0.588241099531259,08:30,08-Jul-1999 08:30:00,08-Jul-1999 14:30:00
15-Jul-1999 00:00:00,0.160164655812966,08:30,15-Jul-1999 08:30:00,15-Jul-1999 14:30:00
22-Jul-1999 00:00:00,-0.151428401859533,08:30,22-Jul-1999 08:30:00,22-Jul-1999 14:30:00
29-Jul-1999 00:00:00,-2.00060215533651,08:30,29-Jul-1999 08:30:00,29-Jul-1999 14:30:00
05-Aug-1999 00:00:00,-0.9027462418549,08:30,05-Aug-1999 08:30:00,05-Aug-1999 14:30:00
12-Aug-1999 00:00:00,-0.457604982080902,08:30,12-Aug-1999 08:30:00,12-Aug-1999 14:30:00
19-Aug-1999 00:00:00,-0.17472507906869,08:30,19-Aug-1999 08:30:00,19-Aug-1999 14:30:00
26-Aug-1999 00:00:00,-0.430464353132231,08:30,26-Aug-1999 08:30:00,26-Aug-1999 14:30:00
02-Sep-1999 00:00:00,0.0529416989578127,08:30,02-Sep-1999 08:30:00,02-Sep-1999 14:30:00
09-Sep-1999 00:00:00,-0.412991845225362,08:30,09-Sep-1999 08:30:00,09-Sep-1999 14:30:00
16-Sep-1999 00:00:00,-0.0170065743626843,08:30,16-Sep-1999 08:30:00,16-Sep-1999 14:30:00
23-Sep-1999 00:00:00,-0.960987934877797,08:30,23-Sep-1999 08:30:00,23-Sep-1999 14:30:00
30-Sep-1999 00:00:00,-0.0029120846511455,08:30,30-Sep-1999 08:30:00,30-Sep-1999 14:30:00
07-Oct-1999 00:00:00,0.921733033780366,08:30,07-Oct-1999 08:30:00,07-Oct-1999 14:30:00
14-Oct-1999 00:00:00,-1.10659216743504,08:30,14-Oct-1999 08:30:00,14-Oct-1999 14:30:00
21-Oct-1999 00:00:00,0.563022446452342,08:30,21-Oct-1999 08:30:00,21-Oct-1999 14:30:00
28-Oct-1999 00:00:00,-0.960987934877797,08:30,28-Oct-1999 08:30:00,28-Oct-1999 14:30:00
04-Nov-1999 00:00:00,0.00279560126509915,08:30,04-Nov-1999 08:30:00,04-Nov-1999 14:30:00
11-Nov-1999 00:00:00,-0.301808453244652,08:30,11-Nov-1999 08:30:00,11-Nov-1999 14:30:00
18-Nov-1999 00:00:00,-0.116483386045794,08:30,18-Nov-1999 08:30:00,18-Nov-1999 14:30:00
25-Nov-1999 00:00:00,-0.692202521577128,08:30,25-Nov-1999 08:30:00,25-Nov-1999 14:30:00
02-Dec-1999 00:00:00,0.139780063254951,08:30,02-Dec-1999 08:30:00,02-Dec-1999 14:30:00
09-Dec-1999 00:00:00,0.215960197728903,08:30,09-Dec-1999 08:30:00,09-Dec-1999 14:30:00
16-Dec-1999 00:00:00,-1.32325126548022,08:30,16-Dec-1999 08:30:00,16-Dec-1999 14:30:00
23-Dec-1999 00:00:00,0.232966772091587,08:30,23-Dec-1999 08:30:00,23-Dec-1999 14:30:00
30-Dec-1999 00:00:00,-0.671992654098184,08:30,30-Dec-1999 08:30:00,30-Dec-1999 14:30:00
06-Jan-2000 00:00:00,1.41719511632615,08:30,06-Jan-2000 08:30:00,06-Jan-2000 14:30:00
13-Jan-2000 00:00:00,0.389986376481318,08:30,13-Jan-2000 08:30:00,13-Jan-2000 14:30:00
20-Jan-2000 00:00:00,-1.25854474453178,08:30,20-Jan-2000 08:30:00,20-Jan-2000 14:30:00
27-Jan-2000 00:00:00,-0.612702610600873,08:30,27-Jan-2000 08:30:00,27-Jan-2000 14:30:00
03-Feb-2000 00:00:00,0.160747072743195,08:30,03-Feb-2000 08:30:00,03-Feb-2000 14:30:00
10-Feb-2000 00:00:00,1.49972359533959,08:30,10-Feb-2000 08:30:00,10-Feb-2000 14:30:00
17-Feb-2000 00:00:00,-0.105417464371443,08:30,17-Feb-2000 08:30:00,17-Feb-2000 14:30:00
24-Feb-2000 00:00:00,-0.320329311625932,08:30,24-Feb-2000 08:30:00,24-Feb-2000 14:30:00
02-Mar-2000 00:00:00,-0.262087618603035,08:30,02-Mar-2000 08:30:00,02-Mar-2000 14:30:00
09-Mar-2000 00:00:00,0.131043809301518,08:30,09-Mar-2000 08:30:00,09-Mar-2000 14:30:00
16-Mar-2000 00:00:00,-0.997097784551993,08:30,16-Mar-2000 08:30:00,16-Mar-2000 14:30:00
23-Mar-2000 00:00:00,-0.31549525110503,08:30,23-Mar-2000 08:30:00,23-Mar-2000 14:30:00
30-Mar-2000 00:00:00,-0.185791000743041,08:30,30-Mar-2000 08:30:00,30-Mar-2000 15:30:00
06-Apr-2000 00:00:00,-0.633087203158888,08:30,06-Apr-2000 08:30:00,06-Apr-2000 14:30:00
13-Apr-2000 00:00:00,-0.110659216743503,08:30,13-Apr-2000 08:30:00,13-Apr-2000 14:30:00
20-Apr-2000 00:00:00,-0.456731356685556,08:30,20-Apr-2000 08:30:00,20-Apr-2000 14:30:00
27-Apr-2000 00:00:00,1.28685020734091,08:30,27-Apr-2000 08:30:00,27-Apr-2000 14:30:00
04-May-2000 00:00:00,1.82704191012827,08:30,04-May-2000 08:30:00,04-May-2000 14:30:00
11-May-2000 00:00:00,0.516603817113095,08:30,11-May-2000 08:30:00,11-May-2000 14:30:00
18-May-2000 00:00:00,-0.815383702320555,08:30,18-May-2000 08:30:00,18-May-2000 14:30:00
25-May-2000 00:00:00,0.42359183335553,08:30,25-May-2000 08:30:00,25-May-2000 14:30:00
01-Jun-2000 00:00:00,0.291208465114484,08:30,01-Jun-2000 08:30:00,01-Jun-2000 14:30:00
08-Jun-2000 00:00:00,1.33955893952663,08:30,08-Jun-2000 08:30:00,08-Jun-2000 14:30:00
15-Jun-2000 00:00:00,0.232966772091587,08:30,15-Jun-2000 08:30:00,15-Jun-2000 14:30:00
22-Jun-2000 00:00:00,0.422252274416002,08:30,22-Jun-2000 08:30:00,22-Jun-2000 14:30:00
29-Jun-2000 00:00:00,0.351896309244341,08:30,29-Jun-2000 08:30:00,29-Jun-2000 14:30:00
06-Jul-2000 00:00:00,-0.465933544183174,08:30,06-Jul-2000 08:30:00,06-Jul-2000 14:30:00
13-Jul-2000 00:00:00,0.877061655231804,08:30,13-Jul-2000 08:30:00,13-Jul-2000 14:30:00
20-Jul-2000 00:00:00,-0.116483386045794,08:30,20-Jul-2000 08:30:00,20-Jul-2000 14:30:00
27-Jul-2000 00:00:00,-1.57252571161821,08:30,27-Jul-2000 08:30:00,27-Jul-2000 14:30:00
03-Aug-2000 00:00:00,-0.404255591271925,08:30,03-Aug-2000 08:30:00,03-Aug-2000 14:30:00
10-Aug-2000 00:00:00,0.404896249895178,08:30,10-Aug-2000 08:30:00,10-Aug-2000 14:30:00
17-Aug-2000 00:00:00,1.23874256890399,08:30,17-Aug-2000 08:30:00,17-Aug-2000 14:30:00
24-Aug-2000 00:00:00,0.423009416425298,08:30,24-Aug-2000 08:30:00,24-Aug-2000 14:30:00
31-Aug-2000 00:00:00,0.465933544183174,08:30,31-Aug-2000 08:30:00,31-Aug-2000 14:30:00
07-Sep-2000 00:00:00,0.113571301394648,08:30,07-Sep-2000 08:30:00,07-Sep-2000 14:30:00
14-Sep-2000 00:00:00,0.4873664872156,08:30,14-Sep-2000 08:30:00,14-Sep-2000 14:30:00
21-Sep-2000 00:00:00,-0.511536789820103,08:30,21-Sep-2000 08:30:00,21-Sep-2000 14:30:00
28-Sep-2000 00:00:00,-1.48976426583268,08:30,28-Sep-2000 08:30:00,28-Sep-2000 14:30:00
05-Oct-2000 00:00:00,0.0110659216743503,08:30,05-Oct-2000 08:30:00,05-Oct-2000 14:30:00
12-Oct-2000 00:00:00,0.264708494789067,08:30,12-Oct-2000 08:30:00,12-Oct-2000 14:30:00
19-Oct-2000 00:00:00,0.254399715124013,08:30,19-Oct-2000 08:30:00,19-Oct-2000 14:30:00
26-Oct-2000 00:00:00,-0.134188860724753,08:30,26-Oct-2000 08:30:00,26-Oct-2000 14:30:00
02-Nov-2000 00:00:00,0.843689165129682,08:30,02-Nov-2000 08:30:00,02-Nov-2000 14:30:00
09-Nov-2000 00:00:00,1.98994392551331,08:30,09-Nov-2000 08:30:00,09-Nov-2000 14:30:00
16-Nov-2000 00:00:00,0.496568674713219,08:30,16-Nov-2000 08:30:00,16-Nov-2000 14:30:00
23-Nov-2000 00:00:00,0.923538526264076,08:30,23-Nov-2000 08:30:00,23-Nov-2000 14:30:00
30-Nov-2000 00:00:00,1.48929833228849,08:30,30-Nov-2000 08:30:00,30-Nov-2000 14:30:00
07-Dec-2000 00:00:00,0.452479713094885,08:30,07-Dec-2000 08:30:00,07-Dec-2000 14:30:00
14-Dec-2000 00:00:00,-1.57252571161821,08:30,14-Dec-2000 08:30:00,14-Dec-2000 14:30:00
21-Dec-2000 00:00:00,1.10659216743504,08:30,21-Dec-2000 08:30:00,21-Dec-2000 14:30:00
28-Dec-2000 00:00:00,-1.28131724650373,08:30,28-Dec-2000 08:30:00,28-Dec-2000 14:30:00
04-Jan-2001 00:00:00,1.93304179142994,08:30,04-Jan-2001 08:30:00,04-Jan-2001 14:30:00
11-Jan-2001 00:00:00,-1.78918480966339,08:30,11-Jan-2001 08:30:00,11-Jan-2001 14:30:00
18-Jan-2001 00:00:00,-3.00527135998147,08:30,18-Jan-2001 08:30:00,18-Jan-2001 14:30:00
25-Jan-2001 00:00:00,-1.13571301394649,08:30,25-Jan-2001 08:30:00,25-Jan-2001 14:30:00
01-Feb-2001 00:00:00,1.6821365778873,08:30,01-Feb-2001 08:30:00,01-Feb-2001 14:30:00
08-Feb-2001 00:00:00,0.579970779122008,08:30,08-Feb-2001 08:30:00,08-Feb-2001 14:30:00
15-Feb-2001 00:00:00,-0.349450158137381,08:30,15-Feb-2001 08:30:00,15-Feb-2001 14:30:00
22-Feb-2001 00:00:00,-0.218406348835863,08:30,22-Feb-2001 08:30:00,22-Feb-2001 14:30:00
01-Mar-2001 00:00:00,1.23693707642028,08:30,01-Mar-2001 08:30:00,01-Mar-2001 14:30:00
08-Mar-2001 00:00:00,0.490220330173721,08:30,08-Mar-2001 08:30:00,08-Mar-2001 14:30:00
15-Mar-2001 00:00:00,0.498548892275997,08:30,15-Mar-2001 08:30:00,15-Mar-2001 14:30:00
22-Mar-2001 00:00:00,0.200060215533651,08:30,22-Mar-2001 08:30:00,22-Mar-2001 14:30:00
29-Mar-2001 00:00:00,-0.815383702320555,08:30,29-Mar-2001 08:30:00,29-Mar-2001 15:30:00
05-Apr-2001 00:00:00,0.66849815251681,08:30,05-Apr-2001 08:30:00,05-Apr-2001 14:30:00
12-Apr-2001 00:00:00,0.704724485577052,08:30,12-Apr-2001 08:30:00,12-Apr-2001 14:30:00
19-Apr-2001 00:00:00,-0.0748988172274453,08:30,19-Apr-2001 08:30:00,19-Apr-2001 14:30:00
26-Apr-2001 00:00:00,1.21515468322972,08:30,26-Apr-2001 08:30:00,26-Apr-2001 14:30:00
03-May-2001 00:00:00,1.19133383078335,08:30,03-May-2001 08:30:00,03-May-2001 14:30:00
10-May-2001 00:00:00,-1.97101537528087,08:30,10-May-2001 08:30:00,10-May-2001 14:30:00
17-May-2001 00:00:00,-0.862559473669101,08:30,17-May-2001 08:30:00,17-May-2001 14:30:00
24-May-2001 00:00:00,1.07397681934222,08:30,24-May-2001 08:30:00,24-May-2001 14:30:00
31-May-2001 00:00:00,0.736174999809414,08:30,31-May-2001 08:30:00,31-May-2001 14:30:00
07-Jun-2001 00:00:00,0.867801226041161,08:30,07-Jun-2001 08:30:00,07-Jun-2001 14:30:00
14-Jun-2001 00:00:00,0.423009416425298,08:30,14-Jun-2001 08:30:00,14-Jun-2001 14:30:00
21-Jun-2001 00:00:00,-1.6976288682314,08:30,21-Jun-2001 08:30:00,21-Jun-2001 14:30:00
28-Jun-2001 00:00:00,-1.63076740464111,08:30,28-Jun-2001 08:30:00,28-Jun-2001 14:30:00
05-Jul-2001 00:00:00,0.134188860724753,08:30,05-Jul-2001 08:30:00,05-Jul-2001 14:30:00
12-Jul-2001 00:00:00,2.88709896483802,08:30,12-Jul-2001 08:30:00,12-Jul-2001 14:30:00
19-Jul-2001 00:00:00,-0.136751495217762,08:30,19-Jul-2001 08:30:00,19-Jul-2001 14:30:00
26-Jul-2001 00:00:00,-2.41289510024559,08:30,26-Jul-2001 08:30:00,26-Jul-2001 14:30:00
02-Aug-2001 00:00:00,-2.53351364649601,08:30,02-Aug-2001 08:30:00,02-Aug-2001 14:30:00
09-Aug-2001 00:00:00,0.621264139475238,08:30,09-Aug-2001 08:30:00,09-Aug-2001 14:30:00
16-Aug-2001 00:00:00,-0.887079226431741,08:30,16-Aug-2001 08:30:00,16-Aug-2001 14:30:00
23-Aug-2001 00:00:00,0.0512526898601489,08:30,23-Aug-2001 08:30:00,23-Aug-2001 14:30:00
30-Aug-2001 00:00:00,0.0655219046507589,08:30,30-Aug-2001 08:30:00,30-Aug-2001 14:30:00
06-Sep-2001 00:00:00,0.155330595292064,08:30,06-Sep-2001 08:30:00,06-Sep-2001 14:30:00
13-Sep-2001 00:00:00,1.48516317208387,08:30,13-Sep-2001 08:30:00,13-Sep-2001 14:30:00
20-Sep-2001 00:00:00,-1.73950464551486,08:30,20-Sep-2001 08:30:00,20-Sep-2001 14:30:00
27-Sep-2001 00:00:00,1.00711535575193,08:30,27-Sep-2001 08:30:00,27-Sep-2001 14:30:00
04-Oct-2001 00:00:00,3.68588378464705,08:30,04-Oct-2001 08:30:00,04-Oct-2001 14:30:00
11-Oct-2001 00:00:00,-2.58552347836546,08:30,11-Oct-2001 08:30:00,11-Oct-2001 14:30:00
18-Oct-2001 00:00:00,0.327900731718909,08:30,18-Oct-2001 08:30:00,18-Oct-2001 14:30:00
25-Oct-2001 00:00:00,0.212931629691711,08:30,25-Oct-2001 08:30:00,25-Oct-2001 14:30:00
01-Nov-2001 00:00:00,-0.277754634026195,08:30,01-Nov-2001 08:30:00,01-Nov-2001 14:30:00
08-Nov-2001 00:00:00,-2.88488578050315,08:30,08-Nov-2001 08:30:00,08-Nov-2001 14:30:00
15-Nov-2001 00:00:00,-1.34503365867078,08:30,15-Nov-2001 08:30:00,15-Nov-2001 14:30:00
22-Nov-2001 00:00:00,-1.82552762610968,08:30,22-Nov-2001 08:30:00,22-Nov-2001 14:30:00
29-Nov-2001 00:00:00,3.17306567758044,08:30,29-Nov-2001 08:30:00,29-Nov-2001 14:30:00
06-Dec-2001 00:00:00,1.03268345898898,08:30,06-Dec-2001 08:30:00,06-Dec-2001 14:30:00
13-Dec-2001 00:00:00,-4.21279638142519,08:30,13-Dec-2001 08:30:00,13-Dec-2001 14:30:00
20-Dec-2001 00:00:00,-3.00993069542331,08:30,20-Dec-2001 08:30:00,20-Dec-2001 14:30:00
27-Dec-2001 00:00:00,-0.6285443511031,08:30,27-Dec-2001 08:30:00,27-Dec-2001 14:30:00
03-Jan-2002 00:00:00,3.02856803719063,08:30,03-Jan-2002 08:30:00,03-Jan-2002 14:30:00
10-Jan-2002 00:00:00,-1.56210044856712,08:30,10-Jan-2002 08:30:00,10-Jan-2002 14:30:00
17-Jan-2002 00:00:00,-2.79169907166651,08:30,17-Jan-2002 08:30:00,17-Jan-2002 14:30:00
24-Jan-2002 00:00:00,-1.00012635258919,08:30,24-Jan-2002 08:30:00,24-Jan-2002 14:30:00
31-Jan-2002 00:00:00,0.395635820704538,08:30,31-Jan-2002 08:30:00,31-Jan-2002 14:30:00
07-Feb-2002 00:00:00,-0.745085978841919,08:30,07-Feb-2002 08:30:00,07-Feb-2002 14:30:00
14-Feb-2002 00:00:00,-0.236228306900868,08:30,14-Feb-2002 08:30:00,14-Feb-2002 14:30:00
21-Feb-2002 00:00:00,0.47449507305754,08:30,21-Feb-2002 08:30:00,21-Feb-2002 14:30:00
28-Feb-2002 00:00:00,-0.340888629263015,08:30,28-Feb-2002 08:30:00,28-Feb-2002 14:30:00
07-Mar-2002 00:00:00,0.0984284612086954,08:30,07-Mar-2002 08:30:00,07-Mar-2002 14:30:00
14-Mar-2002 00:00:00,0.203845925580139,08:30,14-Mar-2002 08:30:00,14-Mar-2002 14:30:00
21-Mar-2002 00:00:00,-0.229064578659053,08:30,21-Mar-2002 08:30:00,21-Mar-2002 14:30:00
28-Mar-2002 00:00:00,1.29587766975945,08:30,28-Mar-2002 08:30:00,28-Mar-2002 14:30:00
04-Apr-2002 00:00:00,4.61926515703199,08:30,04-Apr-2002 08:30:00,04-Apr-2002 15:30:00
11-Apr-2002 00:00:00,0.403789657727743,08:30,11-Apr-2002 08:30:00,11-Apr-2002 14:30:00
18-Apr-2002 00:00:00,1.93257585788576,08:30,18-Apr-2002 08:30:00,18-Apr-2002 14:30:00
25-Apr-2002 00:00:00,-0.389520442937133,08:30,25-Apr-2002 08:30:00,25-Apr-2002 14:30:00
02-May-2002 00:00:00,0.696803615325937,08:30,02-May-2002 08:30:00,02-May-2002 14:30:00
09-May-2002 00:00:00,0.225453593691632,08:30,09-May-2002 08:30:00,09-May-2002 14:30:00
16-May-2002 00:00:00,0.676826714619082,08:30,16-May-2002 08:30:00,16-May-2002 14:30:00
23-May-2002 00:00:00,0.284161220258714,08:30,23-May-2002 08:30:00,23-May-2002 14:30:00
30-May-2002 00:00:00,-0.0184043749952339,08:30,30-May-2002 08:30:00,30-May-2002 14:30:00
06-Jun-2002 00:00:00,-1.26244693796431,08:30,06-Jun-2002 08:30:00,06-Jun-2002 14:30:00
13-Jun-2002 00:00:00,-0.187654734919772,08:30,13-Jun-2002 08:30:00,13-Jun-2002 14:30:00
20-Jun-2002 00:00:00,0.327609523253794,08:30,20-Jun-2002 08:30:00,20-Jun-2002 14:30:00
27-Jun-2002 00:00:00,-0.0075131783999548,08:30,27-Jun-2002 08:30:00,27-Jun-2002 14:30:00
04-Jul-2002 00:00:00,-0.280783202063387,08:30,04-Jul-2002 08:30:00,04-Jul-2002 14:30:00
11-Jul-2002 00:00:00,0.76686837203248,08:30,11-Jul-2002 08:30:00,11-Jul-2002 14:30:00
18-Jul-2002 00:00:00,-0.847766083641284,08:30,18-Jul-2002 08:30:00,18-Jul-2002 14:30:00
25-Jul-2002 00:00:00,-1.27776450322933,08:30,25-Jul-2002 08:30:00,25-Jul-2002 14:30:00
01-Aug-2002 00:00:00,0.774148583660342,08:30,01-Aug-2002 08:30:00,01-Aug-2002 14:30:00
08-Aug-2002 00:00:00,-0.522253261336314,08:30,08-Aug-2002 08:30:00,08-Aug-2002 14:30:00
15-Aug-2002 00:00:00,0.629010284647286,08:30,15-Aug-2002 08:30:00,15-Aug-2002 14:30:00
22-Aug-2002 00:00:00,0.31730074358874,08:30,22-Aug-2002 08:30:00,22-Aug-2002 14:30:00
29-Aug-2002 00:00:00,1.02715049815181,08:30,29-Aug-2002 08:30:00,29-Aug-2002 14:30:00
05-Sep-2002 00:00:00,0.363544647848923,08:30,05-Sep-2002 08:30:00,05-Sep-2002 14:30:00
12-Sep-2002 00:00:00,1.55487847863228,08:30,12-Sep-2002 08:30:00,12-Sep-2002 14:30:00
19-Sep-2002 00:00:00,0.693425597130609,08:30,19-Sep-2002 08:30:00,19-Sep-2002 14:30:00
26-Sep-2002 00:00:00,-0.743571694823323,08:30,26-Sep-2002 08:30:00,26-Sep-2002 14:30:00
03-Oct-2002 00:00:00,0.465933544183174,08:30,03-Oct-2002 08:30:00,03-Oct-2002 14:30:00
10-Oct-2002 00:00:00,-1.43664784179579,08:30,10-Oct-2002 08:30:00,10-Oct-2002 14:30:00
17-Oct-2002 00:00:00,0.830934234357668,08:30,17-Oct-2002 08:30:00,17-Oct-2002 14:30:00
24-Oct-2002 00:00:00,-0.90455173433861,08:30,24-Oct-2002 08:30:00,24-Oct-2002 14:30:00
31-Oct-2002 00:00:00,0.524175237206071,08:30,31-Oct-2002 08:30:00,31-Oct-2002 14:30:00
07-Nov-2002 00:00:00,-0.70693766991192,08:30,07-Nov-2002 08:30:00,07-Nov-2002 14:30:00
14-Nov-2002 00:00:00,-0.438734673541482,08:30,14-Nov-2002 08:30:00,14-Nov-2002 14:30:00
21-Nov-2002 00:00:00,-1.060697713333,08:30,21-Nov-2002 08:30:00,21-Nov-2002 14:30:00
28-Nov-2002 00:00:00,-1.07747132092359,08:30,28-Nov-2002 08:30:00,28-Nov-2002 14:30:00
05-Dec-2002 00:00:00,-0.853590252943575,08:30,05-Dec-2002 08:30:00,05-Dec-2002 14:30:00
12-Dec-2002 00:00:00,3.37027205015597,08:30,12-Dec-2002 08:30:00,12-Dec-2002 14:30:00
19-Dec-2002 00:00:00,1.43536652454929,08:30,19-Dec-2002 08:30:00,19-Dec-2002 14:30:00
26-Dec-2002 00:00:00,-1.61556632276213,08:30,26-Dec-2002 08:30:00,26-Dec-2002 14:30:00
02-Jan-2003 00:00:00,1.40805117052155,08:30,02-Jan-2003 08:30:00,02-Jan-2003 14:30:00
09-Jan-2003 00:00:00,-0.250439279998457,08:30,09-Jan-2003 08:30:00,09-Jan-2003 14:30:00
16-Jan-2003 00:00:00,-1.96431758058324,08:30,16-Jan-2003 08:30:00,16-Jan-2003 14:30:00
23-Jan-2003 00:00:00,-0.244615110696166,08:30,23-Jan-2003 08:30:00,23-Jan-2003 14:30:00
30-Jan-2003 00:00:00,0.779390336032405,08:30,30-Jan-2003 08:30:00,30-Jan-2003 14:30:00
06-Feb-2003 00:00:00,0.130636117450357,08:30,06-Feb-2003 08:30:00,06-Feb-2003 14:30:00
13-Feb-2003 00:00:00,-0.645492683772767,08:30,13-Feb-2003 08:30:00,13-Feb-2003 14:30:00
20-Feb-2003 00:00:00,0.990108781389245,08:30,20-Feb-2003 08:30:00,20-Feb-2003 14:30:00
27-Feb-2003 00:00:00,1.77637163719835,08:30,27-Feb-2003 08:30:00,27-Feb-2003 14:30:00
06-Mar-2003 00:00:00,1.5223796139255,08:30,06-Mar-2003 08:30:00,06-Mar-2003 14:30:00
13-Mar-2003 00:00:00,0.210951412128933,08:30,13-Mar-2003 08:30:00,13-Mar-2003 14:30:00
20-Mar-2003 00:00:00,0.262087618603035,08:30,20-Mar-2003 08:30:00,20-Mar-2003 14:30:00
27-Mar-2003 00:00:00,-1.04677794870052,08:30,27-Mar-2003 08:30:00,27-Mar-2003 14:30:00
03-Apr-2003 00:00:00,2.07986909954067,08:30,03-Apr-2003 08:30:00,03-Apr-2003 15:30:00
10-Apr-2003 00:00:00,-1.1525448632301,08:30,10-Apr-2003 08:30:00,10-Apr-2003 14:30:00
17-Apr-2003 00:00:00,1.91749125939283,08:30,17-Apr-2003 08:30:00,17-Apr-2003 14:30:00
24-Apr-2003 00:00:00,1.71912005295684,08:30,24-Apr-2003 08:30:00,24-Apr-2003 14:30:00
01-May-2003 00:00:00,0.757142009297658,08:30,01-May-2003 08:30:00,01-May-2003 14:30:00
08-May-2003 00:00:00,-0.822023255325164,08:30,08-May-2003 08:30:00,08-May-2003 14:30:00
15-May-2003 00:00:00,-0.524175237206071,08:30,15-May-2003 08:30:00,15-May-2003 14:30:00
22-May-2003 00:00:00,0.648113559958794,08:30,22-May-2003 08:30:00,22-May-2003 14:30:00
29-May-2003 00:00:00,0.195167913319727,08:30,29-May-2003 08:30:00,29-May-2003 14:30:00
05-Jun-2003 00:00:00,1.19395470696938,08:30,05-Jun-2003 08:30:00,05-Jun-2003 14:30:00
12-Jun-2003 00:00:00,0.334889734881656,08:30,12-Jun-2003 08:30:00,12-Jun-2003 14:30:00
19-Jun-2003 00:00:00,-0.322484254267778,08:30,19-Jun-2003 08:30:00,19-Jun-2003 14:30:00
26-Jun-2003 00:00:00,-0.707869537000287,08:30,26-Jun-2003 08:30:00,26-Jun-2003 14:30:00
03-Jul-2003 00:00:00,1.14677893562084,08:30,03-Jul-2003 08:30:00,03-Jul-2003 14:30:00
10-Jul-2003 00:00:00,1.07391857764919,08:30,10-Jul-2003 08:30:00,10-Jul-2003 14:30:00
17-Jul-2003 00:00:00,-0.624642157670569,08:30,17-Jul-2003 08:30:00,17-Jul-2003 14:30:00
24-Jul-2003 00:00:00,-1.50327633861399,08:30,24-Jul-2003 08:30:00,24-Jul-2003 14:30:00
31-Jul-2003 00:00:00,-0.807928765613625,08:30,31-Jul-2003 08:30:00,31-Jul-2003 14:30:00
07-Aug-2003 00:00:00,-0.285733745970332,08:30,07-Aug-2003 08:30:00,07-Aug-2003 14:30:00
14-Aug-2003 00:00:00,0.36692266604425,08:30,14-Aug-2003 08:30:00,14-Aug-2003 14:30:00
21-Aug-2003 00:00:00,-0.422252274416002,08:30,21-Aug-2003 08:30:00,21-Aug-2003 14:30:00
28-Aug-2003 00:00:00,0.17612287970124,08:30,28-Aug-2003 08:30:00,28-Aug-2003 14:30:00
04-Sep-2003 00:00:00,1.21387336598321,08:30,04-Sep-2003 08:30:00,04-Sep-2003 14:30:00
11-Sep-2003 00:00:00,1.28283153052233,08:30,11-Sep-2003 08:30:00,11-Sep-2003 14:30:00
18-Sep-2003 00:00:00,-0.564012555233734,08:30,18-Sep-2003 08:30:00,18-Sep-2003 14:30:00
25-Sep-2003 00:00:00,-1.0876636172026,08:30,25-Sep-2003 08:30:00,25-Sep-2003 14:30:00
02-Oct-2003 00:00:00,0.0582416930228968,08:30,02-Oct-2003 08:30:00,02-Oct-2003 14:30:00
09-Oct-2003 00:00:00,-0.607752066693928,08:30,09-Oct-2003 08:30:00,09-Oct-2003 14:30:00
16-Oct-2003 00:00:00,-0.0443219283904258,08:30,16-Oct-2003 08:30:00,16-Oct-2003 14:30:00
23-Oct-2003 00:00:00,0.0781021103437051,08:30,23-Oct-2003 08:30:00,23-Oct-2003 14:30:00
30-Oct-2003 00:00:00,0.106989990083061,08:30,30-Oct-2003 08:30:00,30-Oct-2003 14:30:00
06-Nov-2003 00:00:00,-1.89506820757902,08:30,06-Nov-2003 08:30:00,06-Nov-2003 14:30:00
13-Nov-2003 00:00:00,0.251021696928685,08:30,13-Nov-2003 08:30:00,13-Nov-2003 14:30:00
20-Nov-2003 00:00:00,-0.650617952758779,08:30,20-Nov-2003 08:30:00,20-Nov-2003 14:30:00
27-Nov-2003 00:00:00,-0.273153540277386,08:30,27-Nov-2003 08:30:00,27-Nov-2003 14:30:00
04-Dec-2003 00:00:00,0.67350693811678,08:30,04-Dec-2003 08:30:00,04-Dec-2003 14:30:00
11-Dec-2003 00:00:00,1.1034471160118,08:30,11-Dec-2003 08:30:00,11-Dec-2003 14:30:00
18-Dec-2003 00:00:00,-0.79499910976254,08:30,18-Dec-2003 08:30:00,18-Dec-2003 14:30:00
25-Dec-2003 00:00:00,-0.0216076681114936,08:30,25-Dec-2003 08:30:00,25-Dec-2003 14:30:00
01-Jan-2004 00:00:00,-0.690979446023646,08:30,01-Jan-2004 08:30:00,01-Jan-2004 14:30:00
08-Jan-2004 00:00:00,0.431803912071756,08:30,08-Jan-2004 08:30:00,08-Jan-2004 14:30:00
15-Jan-2004 00:00:00,-0.484337919178408,08:30,15-Jan-2004 08:30:00,15-Jan-2004 14:30:00
22-Jan-2004 00:00:00,-0.208679986101041,08:30,22-Jan-2004 08:30:00,22-Jan-2004 14:30:00
29-Jan-2004 00:00:00,0.202389883254568,08:30,29-Jan-2004 08:30:00,29-Jan-2004 14:30:00
05-Feb-2004 00:00:00,0.867626500962093,08:30,05-Feb-2004 08:30:00,05-Feb-2004 14:30:00
12-Feb-2004 00:00:00,1.07403506103524,08:30,12-Feb-2004 08:30:00,12-Feb-2004 14:30:00
19-Feb-2004 00:00:00,-0.486842311978393,08:30,19-Feb-2004 08:30:00,19-Feb-2004 14:30:00
26-Feb-2004 00:00:00,0.33116226652819,08:30,26-Feb-2004 08:30:00,26-Feb-2004 14:30:00
04-Mar-2004 00:00:00,-0.0599889438135821,08:30,04-Mar-2004 08:30:00,04-Mar-2004 14:30:00
11-Mar-2004 00:00:00,-0.144905332240967,08:30,11-Mar-2004 08:30:00,11-Mar-2004 14:30:00
18-Mar-2004 00:00:00,-0.407691851160277,08:30,18-Mar-2004 08:30:00,18-Mar-2004 14:30:00
25-Mar-2004 00:00:00,0.0731515664367567,08:30,25-Mar-2004 08:30:00,25-Mar-2004 14:30:00
01-Apr-2004 00:00:00,0.171580027645455,08:30,01-Apr-2004 08:30:00,01-Apr-2004 15:30:00
08-Apr-2004 00:00:00,-0.644793783456492,08:30,08-Apr-2004 08:30:00,08-Apr-2004 14:30:00
15-Apr-2004 00:00:00,1.5997245822599,08:30,15-Apr-2004 08:30:00,15-Apr-2004 14:30:00
22-Apr-2004 00:00:00,0.727205779083889,08:30,22-Apr-2004 08:30:00,22-Apr-2004 14:30:00
29-Apr-2004 00:00:00,-0.247876645505447,08:30,29-Apr-2004 08:30:00,29-Apr-2004 14:30:00
06-May-2004 00:00:00,-1.16943495420674,08:30,06-May-2004 08:30:00,06-May-2004 14:30:00
13-May-2004 00:00:00,0.355274327439672,08:30,13-May-2004 08:30:00,13-May-2004 14:30:00
20-May-2004 00:00:00,0.970714297612619,08:30,20-May-2004 08:30:00,20-May-2004 14:30:00
27-May-2004 00:00:00,0.50885767194105,08:30,27-May-2004 08:30:00,27-May-2004 14:30:00
03-Jun-2004 00:00:00,0.173152553357073,08:30,03-Jun-2004 08:30:00,03-Jun-2004 14:30:00
10-Jun-2004 00:00:00,0.966229687249856,08:30,10-Jun-2004 08:30:00,10-Jun-2004 14:30:00
17-Jun-2004 00:00:00,-0.260689817970486,08:30,17-Jun-2004 08:30:00,17-Jun-2004 14:30:00
24-Jun-2004 00:00:00,0.470418154545937,08:30,24-Jun-2004 08:30:00,24-Jun-2004 14:30:00
01-Jul-2004 00:00:00,0.490686263717906,08:30,01-Jul-2004 08:30:00,01-Jul-2004 14:30:00
08-Jul-2004 00:00:00,-1.72739037336609,08:30,08-Jul-2004 08:30:00,08-Jul-2004 14:30:00
15-Jul-2004 00:00:00,0.307457897467872,08:30,15-Jul-2004 08:30:00,15-Jul-2004 14:30:00
22-Jul-2004 00:00:00,-0.708393712237494,08:30,22-Jul-2004 08:30:00,22-Jul-2004 14:30:00
29-Jul-2004 00:00:00,0.243159068370595,08:30,29-Jul-2004 08:30:00,29-Jul-2004 14:30:00
05-Aug-2004 00:00:00,-0.312233716295749,08:30,05-Aug-2004 08:30:00,05-Aug-2004 14:30:00
12-Aug-2004 00:00:00,-0.292839232519126,08:30,12-Aug-2004 08:30:00,12-Aug-2004 14:30:00
19-Aug-2004 00:00:00,-0.232966772091587,08:30,19-Aug-2004 08:30:00,19-Aug-2004 14:30:00
26-Aug-2004 00:00:00,0.380725947290675,08:30,26-Aug-2004 08:30:00,26-Aug-2004 14:30:00
02-Sep-2004 00:00:00,1.19558547437403,08:30,02-Sep-2004 08:30:00,02-Sep-2004 14:30:00
09-Sep-2004 00:00:00,-1.59454107158087,08:30,09-Sep-2004 08:30:00,09-Sep-2004 14:30:00
16-Sep-2004 00:00:00,-0.54805433134546,08:30,16-Sep-2004 08:30:00,16-Sep-2004 14:30:00
23-Sep-2004 00:00:00,0.792087025111398,08:30,23-Sep-2004 08:30:00,23-Sep-2004 14:30:00
30-Sep-2004 00:00:00,1.41311819781454,08:30,30-Sep-2004 08:30:00,30-Sep-2004 14:30:00
07-Oct-2004 00:00:00,-1.20851513022511,08:30,07-Oct-2004 08:30:00,07-Oct-2004 14:30:00
14-Oct-2004 00:00:00,0.794940868069518,08:30,14-Oct-2004 08:30:00,14-Oct-2004 14:30:00
21-Oct-2004 00:00:00,-0.938506641370957,08:30,21-Oct-2004 08:30:00,21-Oct-2004 14:30:00
28-Oct-2004 00:00:00,0.790863949557916,08:30,28-Oct-2004 08:30:00,28-Oct-2004 14:30:00
04-Nov-2004 00:00:00,-0.513342282303813,08:30,04-Nov-2004 08:30:00,04-Nov-2004 14:30:00
11-Nov-2004 00:00:00,-0.226676669245114,08:30,11-Nov-2004 08:30:00,11-Nov-2004 14:30:00
18-Nov-2004 00:00:00,0.103670213580755,08:30,18-Nov-2004 08:30:00,18-Nov-2004 14:30:00
25-Nov-2004 00:00:00,-0.64677400101927,08:30,25-Nov-2004 08:30:00,25-Nov-2004 14:30:00
02-Dec-2004 00:00:00,1.04520542298891,08:30,02-Dec-2004 08:30:00,02-Dec-2004 14:30:00
09-Dec-2004 00:00:00,1.23414147515518,08:30,09-Dec-2004 08:30:00,09-Dec-2004 14:30:00
16-Dec-2004 00:00:00,-1.43985113491205,08:30,16-Dec-2004 08:30:00,16-Dec-2004 14:30:00
23-Dec-2004 00:00:00,-0.00425164359067025,08:30,23-Dec-2004 08:30:00,23-Dec-2004 14:30:00
30-Dec-2004 00:00:00,-0.377406170788372,08:30,30-Dec-2004 08:30:00,30-Dec-2004 14:30:00
06-Jan-2005 00:00:00,1.79343645325406,08:30,06-Jan-2005 08:30:00,06-Jan-2005 14:30:00
13-Jan-2005 00:00:00,1.50199502136748,08:30,13-Jan-2005 08:30:00,13-Jan-2005 14:30:00
20-Jan-2005 00:00:00,-1.44375332834459,08:30,20-Jan-2005 08:30:00,20-Jan-2005 14:30:00
27-Jan-2005 00:00:00,-0.397732521653363,08:30,27-Jan-2005 08:30:00,27-Jan-2005 14:30:00
03-Feb-2005 00:00:00,-0.796396910395089,08:30,03-Feb-2005 08:30:00,03-Feb-2005 14:30:00
10-Feb-2005 00:00:00,-1.37479516380548,08:30,10-Feb-2005 08:30:00,10-Feb-2005 14:30:00
17-Feb-2005 00:00:00,-0.811423267194999,08:30,17-Feb-2005 08:30:00,17-Feb-2005 14:30:00
24-Feb-2005 00:00:00,0.276240350007599,08:30,24-Feb-2005 08:30:00,24-Feb-2005 14:30:00
03-Mar-2005 00:00:00,-0.107281198548175,08:30,03-Mar-2005 08:30:00,03-Mar-2005 14:30:00
10-Mar-2005 00:00:00,0.993195591119459,08:30,10-Mar-2005 08:30:00,10-Mar-2005 14:30:00
17-Mar-2005 00:00:00,0.0919636332831545,08:30,17-Mar-2005 08:30:00,17-Mar-2005 14:30:00
24-Mar-2005 00:00:00,0.461798383978547,08:30,24-Mar-2005 08:30:00,24-Mar-2005 14:30:00
31-Mar-2005 00:00:00,1.65505419063166,08:30,31-Mar-2005 08:30:00,31-Mar-2005 15:30:00
07-Apr-2005 00:00:00,0.131742709617793,08:30,07-Apr-2005 08:30:00,07-Apr-2005 14:30:00
14-Apr-2005 00:00:00,0.0551548832926834,08:30,14-Apr-2005 08:30:00,14-Apr-2005 14:30:00
21-Apr-2005 00:00:00,-1.91061873961613,08:30,21-Apr-2005 08:30:00,21-Apr-2005 14:30:00
28-Apr-2005 00:00:00,0.0568438923903472,08:30,28-Apr-2005 08:30:00,28-Apr-2005 14:30:00
05-May-2005 00:00:00,0.62609819999614,08:30,05-May-2005 08:30:00,05-May-2005 14:30:00
12-May-2005 00:00:00,0.730933247437355,08:30,12-May-2005 08:30:00,12-May-2005 14:30:00
19-May-2005 00:00:00,-0.58969714185683,08:30,19-May-2005 08:30:00,19-May-2005 14:30:00
26-May-2005 00:00:00,-0.196565713952277,08:30,26-May-2005 08:30:00,26-May-2005 14:30:00
02-Jun-2005 00:00:00,1.49587964360008,08:30,02-Jun-2005 08:30:00,02-Jun-2005 14:30:00
09-Jun-2005 00:00:00,-0.152884444185104,08:30,09-Jun-2005 08:30:00,09-Jun-2005 14:30:00
16-Jun-2005 00:00:00,0.195109671626706,08:30,16-Jun-2005 08:30:00,16-Jun-2005 14:30:00
23-Jun-2005 00:00:00,-0.936875873966318,08:30,23-Jun-2005 08:30:00,23-Jun-2005 14:30:00
30-Jun-2005 00:00:00,-0.854755086804032,08:30,30-Jun-2005 08:30:00,30-Jun-2005 14:30:00
07-Jul-2005 00:00:00,0.026034036781235,08:30,07-Jul-2005 08:30:00,07-Jul-2005 14:30:00
14-Jul-2005 00:00:00,0.77443979212546,08:30,14-Jul-2005 08:30:00,14-Jul-2005 14:30:00
21-Jul-2005 00:00:00,-1.46349726227935,08:30,21-Jul-2005 08:30:00,21-Jul-2005 14:30:00
28-Jul-2005 00:00:00,-0.375484194918616,08:30,28-Jul-2005 08:30:00,28-Jul-2005 14:30:00
04-Aug-2005 00:00:00,-0.224463484910243,08:30,04-Aug-2005 08:30:00,04-Aug-2005 14:30:00
11-Aug-2005 00:00:00,-0.383172098397638,08:30,11-Aug-2005 08:30:00,11-Aug-2005 14:30:00
18-Aug-2005 00:00:00,0.312233716295749,08:30,18-Aug-2005 08:30:00,18-Aug-2005 14:30:00
25-Aug-2005 00:00:00,0.0335472151811898,08:30,25-Aug-2005 08:30:00,25-Aug-2005 14:30:00
01-Sep-2005 00:00:00,0.271813981337858,08:30,01-Sep-2005 08:30:00,01-Sep-2005 14:30:00
08-Sep-2005 00:00:00,-0.0404197349578913,08:30,08-Sep-2005 08:30:00,08-Sep-2005 14:30:00
15-Sep-2005 00:00:00,0.560168603494221,08:30,15-Sep-2005 08:30:00,15-Sep-2005 14:30:00
22-Sep-2005 00:00:00,-1.28941284183391,08:30,22-Sep-2005 08:30:00,22-Sep-2005 14:30:00
29-Sep-2005 00:00:00,-3.7903111402371,08:30,29-Sep-2005 08:30:00,29-Sep-2005 14:30:00
06-Oct-2005 00:00:00,1.81318038718882,08:30,06-Oct-2005 08:30:00,06-Oct-2005 14:30:00
13-Oct-2005 00:00:00,1.64870584609216,08:30,13-Oct-2005 08:30:00,13-Oct-2005 14:30:00
20-Oct-2005 00:00:00,-0.513575249075903,08:30,20-Oct-2005 08:30:00,20-Oct-2005 14:30:00
27-Oct-2005 00:00:00,-0.785272747027717,08:30,27-Oct-2005 08:30:00,27-Oct-2005 14:30:00
03-Nov-2005 00:00:00,-0.365466623718676,08:30,03-Nov-2005 08:30:00,03-Nov-2005 14:30:00
10-Nov-2005 00:00:00,0.214504155403328,08:30,10-Nov-2005 08:30:00,10-Nov-2005 14:30:00
17-Nov-2005 00:00:00,-1.13390752146278,08:30,17-Nov-2005 08:30:00,17-Nov-2005 14:30:00
24-Nov-2005 00:00:00,1.38096878326591,08:30,24-Nov-2005 08:30:00,24-Nov-2005 14:30:00
01-Dec-2005 00:00:00,-0.244964560854305,08:30,01-Dec-2005 08:30:00,01-Dec-2005 14:30:00
08-Dec-2005 00:00:00,0.51771040928053,08:30,08-Dec-2005 08:30:00,08-Dec-2005 14:30:00
15-Dec-2005 00:00:00,0.544093896219901,08:30,15-Dec-2005 08:30:00,15-Dec-2005 14:30:00
22-Dec-2005 00:00:00,-0.401401748313804,08:30,22-Dec-2005 08:30:00,22-Dec-2005 14:30:00
29-Dec-2005 00:00:00,0.044263686697401,08:30,29-Dec-2005 08:30:00,29-Dec-2005 14:30:00
05-Jan-2006 00:00:00,-1.74125189630554,08:30,05-Jan-2006 08:30:00,05-Jan-2006 14:30:00
12-Jan-2006 00:00:00,-0.495869774396944,08:30,12-Jan-2006 08:30:00,12-Jan-2006 14:30:00
19-Jan-2006 00:00:00,-2.5393378157983,08:30,19-Jan-2006 08:30:00,19-Jan-2006 14:30:00
26-Jan-2006 00:00:00,-1.07985923033753,08:30,26-Jan-2006 08:30:00,26-Jan-2006 14:30:00
02-Feb-2006 00:00:00,-1.16483386045794,08:30,02-Feb-2006 08:30:00,02-Feb-2006 14:30:00
09-Feb-2006 00:00:00,-0.399363289058005,08:30,09-Feb-2006 08:30:00,09-Feb-2006 14:30:00
16-Feb-2006 00:00:00,0.709325579325858,08:30,16-Feb-2006 08:30:00,16-Feb-2006 14:30:00
23-Feb-2006 00:00:00,-1.24089751154584,08:30,23-Feb-2006 08:30:00,23-Feb-2006 14:30:00
02-Mar-2006 00:00:00,0.386491874899944,08:30,02-Mar-2006 08:30:00,02-Mar-2006 14:30:00
09-Mar-2006 00:00:00,0.659587173484305,08:30,09-Mar-2006 08:30:00,09-Mar-2006 14:30:00
16-Mar-2006 00:00:00,0.55050048245242,08:30,16-Mar-2006 08:30:00,16-Mar-2006 14:30:00
23-Mar-2006 00:00:00,-0.247119503496151,08:30,23-Mar-2006 08:30:00,23-Mar-2006 14:30:00
30-Mar-2006 00:00:00,-0.113338334622559,08:30,30-Mar-2006 08:30:00,30-Mar-2006 15:30:00
06-Apr-2006 00:00:00,-0.412409428295133,08:30,06-Apr-2006 08:30:00,06-Apr-2006 14:30:00
13-Apr-2006 00:00:00,0.627321275549622,08:30,13-Apr-2006 08:30:00,13-Apr-2006 14:30:00
20-Apr-2006 00:00:00,-0.39726658810918,08:30,20-Apr-2006 08:30:00,20-Apr-2006 14:30:00
27-Apr-2006 00:00:00,0.559411461484925,08:30,27-Apr-2006 08:30:00,27-Apr-2006 14:30:00
04-May-2006 00:00:00,0.576418035847609,08:30,04-May-2006 08:30:00,04-May-2006 14:30:00
11-May-2006 00:00:00,0.447063235643755,08:30,11-May-2006 08:30:00,11-May-2006 14:30:00
18-May-2006 00:00:00,2.81115179713616,08:30,18-May-2006 08:30:00,18-May-2006 14:30:00
25-May-2006 00:00:00,0.61002349272182,08:30,25-May-2006 08:30:00,25-May-2006 14:30:00
01-Jun-2006 00:00:00,0.813869418301959,08:30,01-Jun-2006 08:30:00,01-Jun-2006 14:30:00
08-Jun-2006 00:00:00,-1.58021361509724,08:30,08-Jun-2006 08:30:00,08-Jun-2006 14:30:00
15-Jun-2006 00:00:00,-1.46798187264211,08:30,15-Jun-2006 08:30:00,15-Jun-2006 14:30:00
22-Jun-2006 00:00:00,0,08:30,22-Jun-2006 08:30:00,22-Jun-2006 14:30:00
29-Jun-2006 00:00:00,0.253992023272852,08:30,29-Jun-2006 08:30:00,29-Jun-2006 14:30:00
06-Jul-2006 00:00:00,-0.121084479794603,08:30,06-Jul-2006 08:30:00,06-Jul-2006 14:30:00
13-Jul-2006 00:00:00,0.65708278068432,08:30,13-Jul-2006 08:30:00,13-Jul-2006 14:30:00
20-Jul-2006 00:00:00,-0.936351698729111,08:30,20-Jul-2006 08:30:00,20-Jul-2006 14:30:00
27-Jul-2006 00:00:00,-0.766577163567366,08:30,27-Jul-2006 08:30:00,27-Jul-2006 14:30:00
03-Aug-2006 00:00:00,0.435181930267084,08:30,03-Aug-2006 08:30:00,03-Aug-2006 14:30:00
10-Aug-2006 00:00:00,0.287946930305203,08:30,10-Aug-2006 08:30:00,10-Aug-2006 14:30:00
17-Aug-2006 00:00:00,-0.270649147477401,08:30,17-Aug-2006 08:30:00,17-Aug-2006 14:30:00
24-Aug-2006 00:00:00,-0.123530630901563,08:30,24-Aug-2006 08:30:00,24-Aug-2006 14:30:00
31-Aug-2006 00:00:00,0.0716955241111856,08:30,31-Aug-2006 08:30:00,31-Aug-2006 14:30:00
07-Sep-2006 00:00:00,-0.340713904183947,08:30,07-Sep-2006 08:30:00,07-Sep-2006 14:30:00
14-Sep-2006 00:00:00,-0.388297367383651,08:30,14-Sep-2006 08:30:00,14-Sep-2006 14:30:00
21-Sep-2006 00:00:00,0.389403959551087,08:30,21-Sep-2006 08:30:00,21-Sep-2006 14:30:00
28-Sep-2006 00:00:00,0.0478164299717998,08:30,28-Sep-2006 08:30:00,28-Sep-2006 14:30:00
05-Oct-2006 00:00:00,-0.830701267585575,08:30,05-Oct-2006 08:30:00,05-Oct-2006 14:30:00
12-Oct-2006 00:00:00,-0.209378886417316,08:30,12-Oct-2006 08:30:00,12-Oct-2006 14:30:00
19-Oct-2006 00:00:00,-0.640658623251865,08:30,19-Oct-2006 08:30:00,19-Oct-2006 14:30:00
26-Oct-2006 00:00:00,0.0859647389017956,08:30,26-Oct-2006 08:30:00,26-Oct-2006 14:30:00
02-Nov-2006 00:00:00,1.0121241413519,08:30,02-Nov-2006 08:30:00,02-Nov-2006 14:30:00
09-Nov-2006 00:00:00,-0.610838876424141,08:30,09-Nov-2006 08:30:00,09-Nov-2006 14:30:00
16-Nov-2006 00:00:00,-0.259874434268165,08:30,16-Nov-2006 08:30:00,16-Nov-2006 14:30:00
23-Nov-2006 00:00:00,0.624642157670569,08:30,23-Nov-2006 08:30:00,23-Nov-2006 14:30:00
30-Nov-2006 00:00:00,2.28854908564171,08:30,30-Nov-2006 08:30:00,30-Nov-2006 14:30:00
07-Dec-2006 00:00:00,-0.0946427511622073,08:30,07-Dec-2006 08:30:00,07-Dec-2006 14:30:00
14-Dec-2006 00:00:00,-0.961803318580118,08:30,14-Dec-2006 08:30:00,14-Dec-2006 14:30:00
21-Dec-2006 00:00:00,-0.134887761041027,08:30,21-Dec-2006 08:30:00,21-Dec-2006 14:30:00
28-Dec-2006 00:00:00,-0.110484491664435,08:30,28-Dec-2006 08:30:00,28-Dec-2006 14:30:00
04-Jan-2007 00:00:00,0.66145090766104,08:30,04-Jan-2007 08:30:00,04-Jan-2007 14:30:00
11-Jan-2007 00:00:00,-1.39780063254952,08:30,11-Jan-2007 08:30:00,11-Jan-2007 14:30:00
18-Jan-2007 00:00:00,-1.24707113100626,08:30,18-Jan-2007 08:30:00,18-Jan-2007 14:30:00
25-Jan-2007 00:00:00,0.973684623956789,08:30,25-Jan-2007 08:30:00,25-Jan-2007 14:30:00
01-Feb-2007 00:00:00,-0.554053225726816,08:30,01-Feb-2007 08:30:00,01-Feb-2007 14:30:00
08-Feb-2007 00:00:00,-0.067968055757719,08:30,08-Feb-2007 08:30:00,08-Feb-2007 14:30:00
15-Feb-2007 00:00:00,2.54172572521224,08:30,15-Feb-2007 08:30:00,15-Feb-2007 14:30:00
22-Feb-2007 00:00:00,0.344732581002525,08:30,22-Feb-2007 08:30:00,22-Feb-2007 14:30:00
01-Mar-2007 00:00:00,0.627204792163576,08:30,01-Mar-2007 08:30:00,01-Mar-2007 14:30:00
08-Mar-2007 00:00:00,-0.173327278436141,08:30,08-Mar-2007 08:30:00,08-Mar-2007 14:30:00
15-Mar-2007 00:00:00,-0.571700458712753,08:30,15-Mar-2007 08:30:00,15-Mar-2007 13:30:00
22-Mar-2007 00:00:00,-0.367388599588432,08:30,22-Mar-2007 08:30:00,22-Mar-2007 13:30:00
29-Mar-2007 00:00:00,-0.592376259735883,08:30,29-Mar-2007 08:30:00,29-Mar-2007 14:30:00
05-Apr-2007 00:00:00,0.375309469839548,08:30,05-Apr-2007 08:30:00,05-Apr-2007 14:30:00
12-Apr-2007 00:00:00,1.28486998977812,08:30,12-Apr-2007 08:30:00,12-Apr-2007 14:30:00
19-Apr-2007 00:00:00,1.04025487908196,08:30,19-Apr-2007 08:30:00,19-Apr-2007 14:30:00
26-Apr-2007 00:00:00,-0.495054390694623,08:30,26-Apr-2007 08:30:00,26-Apr-2007 14:30:00
03-May-2007 00:00:00,-1.11853171450473,08:30,03-May-2007 08:30:00,03-May-2007 14:30:00
10-May-2007 00:00:00,-1.101408656756,08:30,10-May-2007 08:30:00,10-May-2007 14:30:00
17-May-2007 00:00:00,-1.08626581657005,08:30,17-May-2007 08:30:00,17-May-2007 14:30:00
24-May-2007 00:00:00,0.303148012184177,08:30,24-May-2007 08:30:00,24-May-2007 14:30:00
31-May-2007 00:00:00,-0.105766914529579,08:30,31-May-2007 08:30:00,31-May-2007 14:30:00
07-Jun-2007 00:00:00,-0.136751495217762,08:30,07-Jun-2007 08:30:00,07-Jun-2007 14:30:00
14-Jun-2007 00:00:00,-0.0866636392180704,08:30,14-Jun-2007 08:30:00,14-Jun-2007 14:30:00
21-Jun-2007 00:00:00,0.703151959865432,08:30,21-Jun-2007 08:30:00,21-Jun-2007 14:30:00
28-Jun-2007 00:00:00,-0.177811888798904,08:30,28-Jun-2007 08:30:00,28-Jun-2007 14:30:00
05-Jul-2007 00:00:00,0.0401867681857986,08:30,05-Jul-2007 08:30:00,05-Jul-2007 14:30:00
12-Jul-2007 00:00:00,-0.534134566712986,08:30,12-Jul-2007 08:30:00,12-Jul-2007 14:30:00
19-Jul-2007 00:00:00,-0.640658623251865,08:30,19-Jul-2007 08:30:00,19-Jul-2007 14:30:00
26-Jul-2007 00:00:00,-0.468670903755252,08:30,26-Jul-2007 08:30:00,26-Jul-2007 14:30:00
02-Aug-2007 00:00:00,-0.190741544649986,08:30,02-Aug-2007 08:30:00,02-Aug-2007 14:30:00
09-Aug-2007 00:00:00,0.302274386788834,08:30,09-Aug-2007 08:30:00,09-Aug-2007 14:30:00
16-Aug-2007 00:00:00,0.501169768462028,08:30,16-Aug-2007 08:30:00,16-Aug-2007 14:30:00
23-Aug-2007 00:00:00,0.17187123611057,08:30,23-Aug-2007 08:30:00,23-Aug-2007 14:30:00
30-Aug-2007 00:00:00,0.712703597521189,08:30,30-Aug-2007 08:30:00,30-Aug-2007 14:30:00
06-Sep-2007 00:00:00,-0.660053107028491,08:30,06-Sep-2007 08:30:00,06-Sep-2007 14:30:00
13-Sep-2007 00:00:00,-0.392781977746417,08:30,13-Sep-2007 08:30:00,13-Sep-2007 14:30:00
20-Sep-2007 00:00:00,-0.653122345558764,08:30,20-Sep-2007 08:30:00,20-Sep-2007 14:30:00
27-Sep-2007 00:00:00,-1.12406467534191,08:30,27-Sep-2007 08:30:00,27-Sep-2007 14:30:00
04-Oct-2007 00:00:00,0.306118338528344,08:30,04-Oct-2007 08:30:00,04-Oct-2007 14:30:00
11-Oct-2007 00:00:00,-0.510313714266622,08:30,11-Oct-2007 08:30:00,11-Oct-2007 14:30:00
18-Oct-2007 00:00:00,1.44893683902363,08:30,18-Oct-2007 08:30:00,18-Oct-2007 14:30:00
25-Oct-2007 00:00:00,0.579563087270847,08:30,25-Oct-2007 08:30:00,25-Oct-2007 14:30:00
01-Nov-2007 00:00:00,-0.232966772091587,08:30,01-Nov-2007 08:30:00,01-Nov-2007 13:30:00
08-Nov-2007 00:00:00,-0.619342163605485,08:30,08-Nov-2007 08:30:00,08-Nov-2007 14:30:00
15-Nov-2007 00:00:00,1.14840970302548,08:30,15-Nov-2007 08:30:00,15-Nov-2007 14:30:00
22-Nov-2007 00:00:00,0.00710548654879423,08:30,22-Nov-2007 08:30:00,22-Nov-2007 14:30:00
29-Nov-2007 00:00:00,1.10659216743504,08:30,29-Nov-2007 08:30:00,29-Nov-2007 14:30:00
06-Dec-2007 00:00:00,0.123239422436449,08:30,06-Dec-2007 08:30:00,06-Dec-2007 14:30:00
13-Dec-2007 00:00:00,-0.0782185937297514,08:30,13-Dec-2007 08:30:00,13-Dec-2007 14:30:00
20-Dec-2007 00:00:00,0.646657517633223,08:30,20-Dec-2007 08:30:00,20-Dec-2007 14:30:00
27-Dec-2007 00:00:00,0.478688474955188,08:30,27-Dec-2007 08:30:00,27-Dec-2007 14:30:00
03-Jan-2008 00:00:00,-0.549801582136145,08:30,03-Jan-2008 08:30:00,03-Jan-2008 14:30:00
10-Jan-2008 00:00:00,-0.969200013594026,08:30,10-Jan-2008 08:30:00,10-Jan-2008 14:30:00
17-Jan-2008 00:00:00,-1.88493415299303,08:30,17-Jan-2008 08:30:00,17-Jan-2008 14:30:00
24-Jan-2008 00:00:00,-1.28131724650373,08:30,24-Jan-2008 08:30:00,24-Jan-2008 14:30:00
31-Jan-2008 00:00:00,3.23951944931957,08:30,31-Jan-2008 08:30:00,31-Jan-2008 14:30:00
07-Feb-2008 00:00:00,0.836292470115774,08:30,07-Feb-2008 08:30:00,07-Feb-2008 14:30:00
14-Feb-2008 00:00:00,-0.0189285502324408,08:30,14-Feb-2008 08:30:00,14-Feb-2008 14:30:00
21-Feb-2008 00:00:00,0.067968055757719,08:30,21-Feb-2008 08:30:00,21-Feb-2008 14:30:00
28-Feb-2008 00:00:00,1.17269648901603,08:30,28-Feb-2008 08:30:00,28-Feb-2008 14:30:00
06-Mar-2008 00:00:00,-0.642347632349528,08:30,06-Mar-2008 08:30:00,06-Mar-2008 14:30:00
13-Mar-2008 00:00:00,-0.224230518138154,08:30,13-Mar-2008 08:30:00,13-Mar-2008 13:30:00
20-Mar-2008 00:00:00,0.752890365706988,08:30,20-Mar-2008 08:30:00,20-Mar-2008 13:30:00
27-Mar-2008 00:00:00,-0.361447946900098,08:30,27-Mar-2008 08:30:00,27-Mar-2008 13:30:00
03-Apr-2008 00:00:00,2.35733252510175,08:30,03-Apr-2008 08:30:00,03-Apr-2008 14:30:00
10-Apr-2008 00:00:00,-1.55796528836249,08:30,10-Apr-2008 08:30:00,10-Apr-2008 14:30:00
17-Apr-2008 00:00:00,0.0535241158880411,08:30,17-Apr-2008 08:30:00,17-Apr-2008 14:30:00
24-Apr-2008 00:00:00,-1.98446920636916,08:30,24-Apr-2008 08:30:00,24-Apr-2008 14:30:00
01-May-2008 00:00:00,1.04503069790984,08:30,01-May-2008 08:30:00,01-May-2008 14:30:00
08-May-2008 00:00:00,-0.450324770453039,08:30,08-May-2008 08:30:00,08-May-2008 14:30:00
15-May-2008 00:00:00,0.0668032218972621,08:30,15-May-2008 08:30:00,15-May-2008 14:30:00
22-May-2008 00:00:00,-0.441413791420535,08:30,22-May-2008 08:30:00,22-May-2008 14:30:00
29-May-2008 00:00:00,0.0796746360553225,08:30,29-May-2008 08:30:00,29-May-2008 14:30:00
05-Jun-2008 00:00:00,-0.916957214952488,08:30,05-Jun-2008 08:30:00,05-Jun-2008 14:30:00
12-Jun-2008 00:00:00,0.91381216352925,08:30,12-Jun-2008 08:30:00,12-Jun-2008 14:30:00
19-Jun-2008 00:00:00,0.223007442584672,08:30,19-Jun-2008 08:30:00,19-Jun-2008 14:30:00
26-Jun-2008 00:00:00,0.399829222602187,08:30,26-Jun-2008 08:30:00,26-Jun-2008 14:30:00
03-Jul-2008 00:00:00,1.12546247597446,08:30,03-Jul-2008 08:30:00,03-Jul-2008 14:30:00
10-Jul-2008 00:00:00,-2.84388362861503,08:30,10-Jul-2008 08:30:00,10-Jul-2008 14:30:00
17-Jul-2008 00:00:00,-0.833846319008814,08:30,17-Jul-2008 08:30:00,17-Jul-2008 14:30:00
24-Jul-2008 00:00:00,1.34619849253123,08:30,24-Jul-2008 08:30:00,24-Jul-2008 14:30:00
31-Jul-2008 00:00:00,3.04895262974865,08:30,31-Jul-2008 08:30:00,31-Jul-2008 14:30:00
07-Aug-2008 00:00:00,1.91760774277888,08:30,07-Aug-2008 08:30:00,07-Aug-2008 14:30:00
14-Aug-2008 00:00:00,0.877877038934122,08:30,14-Aug-2008 08:30:00,14-Aug-2008 14:30:00
21-Aug-2008 00:00:00,-0.429532486043864,08:30,21-Aug-2008 08:30:00,21-Aug-2008 14:30:00
28-Aug-2008 00:00:00,-0.089400998790148,08:30,28-Aug-2008 08:30:00,28-Aug-2008 14:30:00
04-Sep-2008 00:00:00,1.11655149694195,08:30,04-Sep-2008 08:30:00,04-Sep-2008 14:30:00
11-Sep-2008 00:00:00,0.307108447309736,08:30,11-Sep-2008 08:30:00,11-Sep-2008 14:30:00
18-Sep-2008 00:00:00,0.876712205073665,08:30,18-Sep-2008 08:30:00,18-Sep-2008 14:30:00
25-Sep-2008 00:00:00,2.37894019321324,08:30,25-Sep-2008 08:30:00,25-Sep-2008 14:30:00
02-Oct-2008 00:00:00,1.52325323932084,08:30,02-Oct-2008 08:30:00,02-Oct-2008 14:30:00
09-Oct-2008 00:00:00,0.210951412128933,08:30,09-Oct-2008 08:30:00,09-Oct-2008 14:30:00
16-Oct-2008 00:00:00,-0.55550926805239,08:30,16-Oct-2008 08:30:00,16-Oct-2008 14:30:00
23-Oct-2008 00:00:00,0.727264020776913,08:30,23-Oct-2008 08:30:00,23-Oct-2008 14:30:00
30-Oct-2008 00:00:00,0.286956821523814,08:30,30-Oct-2008 08:30:00,30-Oct-2008 13:30:00
06-Nov-2008 00:00:00,0.216542614659131,08:30,06-Nov-2008 08:30:00,06-Nov-2008 14:30:00
13-Nov-2008 00:00:00,2.02244279022009,08:30,13-Nov-2008 08:30:00,13-Nov-2008 14:30:00
20-Nov-2008 00:00:00,2.01370653626666,08:30,20-Nov-2008 08:30:00,20-Nov-2008 14:30:00
27-Nov-2008 00:00:00,-0.294353516537719,08:30,27-Nov-2008 08:30:00,27-Nov-2008 14:30:00
04-Dec-2008 00:00:00,-1.53694003718122,08:30,04-Dec-2008 08:30:00,04-Dec-2008 14:30:00
11-Dec-2008 00:00:00,2.65972339527663,08:30,11-Dec-2008 08:30:00,11-Dec-2008 14:30:00
18-Dec-2008 00:00:00,-0.325862272463109,08:30,18-Dec-2008 08:30:00,18-Dec-2008 14:30:00
25-Dec-2008 00:00:00,1.53193125158125,08:30,25-Dec-2008 08:30:00,25-Dec-2008 14:30:00
01-Jan-2009 00:00:00,-4.61821680655758,08:30,01-Jan-2009 08:30:00,01-Jan-2009 14:30:00
08-Jan-2009 00:00:00,-4.40476100162866,08:30,08-Jan-2009 08:30:00,08-Jan-2009 14:30:00
15-Jan-2009 00:00:00,0.630932260517039,08:30,15-Jan-2009 08:30:00,15-Jan-2009 14:30:00
22-Jan-2009 00:00:00,2.17823931905634,08:30,22-Jan-2009 08:30:00,22-Jan-2009 14:30:00
29-Jan-2009 00:00:00,0.54059939463853,08:30,29-Jan-2009 08:30:00,29-Jan-2009 14:30:00
05-Feb-2009 00:00:00,2.65069593285807,08:30,05-Feb-2009 08:30:00,05-Feb-2009 14:30:00
12-Feb-2009 00:00:00,0.815383702320555,08:30,12-Feb-2009 08:30:00,12-Feb-2009 14:30:00
19-Feb-2009 00:00:00,0.395752304090581,08:30,19-Feb-2009 08:30:00,19-Feb-2009 14:30:00
26-Feb-2009 00:00:00,2.13747013394031,08:30,26-Feb-2009 08:30:00,26-Feb-2009 14:30:00
05-Mar-2009 00:00:00,-0.545841147010586,08:30,05-Mar-2009 08:30:00,05-Mar-2009 14:30:00
12-Mar-2009 00:00:00,0.604432290191625,08:30,12-Mar-2009 08:30:00,12-Mar-2009 13:30:00
19-Mar-2009 00:00:00,-0.470301671159894,08:30,19-Mar-2009 08:30:00,19-Mar-2009 13:30:00
26-Mar-2009 00:00:00,0.180840456836096,08:30,26-Mar-2009 08:30:00,26-Mar-2009 13:30:00
02-Apr-2009 00:00:00,0.948116520719736,08:30,02-Apr-2009 08:30:00,02-Apr-2009 14:30:00
09-Apr-2009 00:00:00,-0.260806301356529,08:30,09-Apr-2009 08:30:00,09-Apr-2009 14:30:00
16-Apr-2009 00:00:00,-2.71534421211349,08:30,16-Apr-2009 08:30:00,16-Apr-2009 14:30:00
23-Apr-2009 00:00:00,-0.0839845213390176,08:30,23-Apr-2009 08:30:00,23-Apr-2009 14:30:00
30-Apr-2009 00:00:00,-0.691445379567828,08:30,30-Apr-2009 08:30:00,30-Apr-2009 14:30:00
07-May-2009 00:00:00,-1.94084617829501,08:30,07-May-2009 08:30:00,07-May-2009 14:30:00
14-May-2009 00:00:00,1.34404354988939,08:30,14-May-2009 08:30:00,14-May-2009 14:30:00
21-May-2009 00:00:00,0.113687784780694,08:30,21-May-2009 08:30:00,21-May-2009 14:30:00
28-May-2009 00:00:00,-0.266222778807663,08:30,28-May-2009 08:30:00,28-May-2009 14:30:00
04-Jun-2009 00:00:00,-0.105650431143533,08:30,04-Jun-2009 08:30:00,04-Jun-2009 14:30:00
11-Jun-2009 00:00:00,-0.724235452739718,08:30,11-Jun-2009 08:30:00,11-Jun-2009 14:30:00
18-Jun-2009 00:00:00,0.222774475812583,08:30,18-Jun-2009 08:30:00,18-Jun-2009 14:30:00
25-Jun-2009 00:00:00,1.43757970888416,08:30,25-Jun-2009 08:30:00,25-Jun-2009 14:30:00
02-Jul-2009 00:00:00,-0.137916329078223,08:30,02-Jul-2009 08:30:00,02-Jul-2009 14:30:00
09-Jul-2009 00:00:00,-2.14475034556818,08:30,09-Jul-2009 08:30:00,09-Jul-2009 14:30:00
16-Jul-2009 00:00:00,-1.6691486803432,08:30,16-Jul-2009 08:30:00,16-Jul-2009 14:30:00
23-Jul-2009 00:00:00,-0.181364632073302,08:30,23-Jul-2009 08:30:00,23-Jul-2009 14:30:00
30-Jul-2009 00:00:00,0.458653332555312,08:30,30-Jul-2009 08:30:00,30-Jul-2009 14:30:00
06-Aug-2009 00:00:00,-1.52278730577666,08:30,06-Aug-2009 08:30:00,06-Aug-2009 14:30:00
13-Aug-2009 00:00:00,0.564362005391873,08:30,13-Aug-2009 08:30:00,13-Aug-2009 14:30:00
20-Aug-2009 00:00:00,1.30717655820589,08:30,20-Aug-2009 08:30:00,20-Aug-2009 14:30:00
27-Aug-2009 00:00:00,0.393480878062689,08:30,27-Aug-2009 08:30:00,27-Aug-2009 14:30:00
03-Sep-2009 00:00:00,0.403323724183558,08:30,03-Sep-2009 08:30:00,03-Sep-2009 14:30:00
10-Sep-2009 00:00:00,-0.553296083717519,08:30,10-Sep-2009 08:30:00,10-Sep-2009 14:30:00
17-Sep-2009 00:00:00,-0.604665256963711,08:30,17-Sep-2009 08:30:00,17-Sep-2009 14:30:00
24-Sep-2009 00:00:00,-1.02982961603086,08:30,24-Sep-2009 08:30:00,24-Sep-2009 14:30:00
01-Oct-2009 00:00:00,0.9734516571847,08:30,01-Oct-2009 08:30:00,01-Oct-2009 14:30:00
08-Oct-2009 00:00:00,-1.28387988099674,08:30,08-Oct-2009 08:30:00,08-Oct-2009 14:30:00
15-Oct-2009 00:00:00,-0.461681900592504,08:30,15-Oct-2009 08:30:00,15-Oct-2009 14:30:00
22-Oct-2009 00:00:00,0.83704961212507,08:30,22-Oct-2009 08:30:00,22-Oct-2009 14:30:00
29-Oct-2009 00:00:00,0.403614932648672,08:30,29-Oct-2009 08:30:00,29-Oct-2009 13:30:00
05-Nov-2009 00:00:00,-0.593482851903321,08:30,05-Nov-2009 08:30:00,05-Nov-2009 14:30:00
12-Nov-2009 00:00:00,-0.443452250676335,08:30,12-Nov-2009 08:30:00,12-Nov-2009 14:30:00
19-Nov-2009 00:00:00,0.0097263627348222,08:30,19-Nov-2009 08:30:00,19-Nov-2009 14:30:00
26-Nov-2009 00:00:00,-1.75400682707756,08:30,26-Nov-2009 08:30:00,26-Nov-2009 14:30:00
03-Dec-2009 00:00:00,-1.41766104987033,08:30,03-Dec-2009 08:30:00,03-Dec-2009 14:30:00
10-Dec-2009 00:00:00,1.10787348468154,08:30,10-Dec-2009 08:30:00,10-Dec-2009 14:30:00
17-Dec-2009 00:00:00,0.812646342748477,08:30,17-Dec-2009 08:30:00,17-Dec-2009 14:30:00
24-Dec-2009 00:00:00,-0.979275826486988,08:30,24-Dec-2009 08:30:00,24-Dec-2009 14:30:00
31-Dec-2009 00:00:00,-1.62674872782253,08:30,31-Dec-2009 08:30:00,31-Dec-2009 14:30:00
07-Jan-2010 00:00:00,-0.0421669857485767,08:30,07-Jan-2010 08:30:00,07-Jan-2010 14:30:00
14-Jan-2010 00:00:00,0.547180705950114,08:30,14-Jan-2010 08:30:00,14-Jan-2010 14:30:00
21-Jan-2010 00:00:00,2.40538192184564,08:30,21-Jan-2010 08:30:00,21-Jan-2010 14:30:00
28-Jan-2010 00:00:00,1.05114607567724,08:30,28-Jan-2010 08:30:00,28-Jan-2010 14:30:00
04-Feb-2010 00:00:00,1.44084124369344,08:30,04-Feb-2010 08:30:00,04-Feb-2010 14:30:00
11-Feb-2010 00:00:00,-1.42628082043772,08:30,11-Feb-2010 08:30:00,11-Feb-2010 14:30:00
18-Feb-2010 00:00:00,2.134150357438,08:30,18-Feb-2010 08:30:00,18-Feb-2010 14:30:00
25-Feb-2010 00:00:00,2.13595584992172,08:30,25-Feb-2010 08:30:00,25-Feb-2010 14:30:00
04-Mar-2010 00:00:00,-0.099826261841245,08:30,04-Mar-2010 08:30:00,04-Mar-2010 14:30:00
11-Mar-2010 00:00:00,0.147526208426998,08:30,11-Mar-2010 08:30:00,11-Mar-2010 14:30:00
18-Mar-2010 00:00:00,0.231685454845084,08:30,18-Mar-2010 08:30:00,18-Mar-2010 13:30:00
25-Mar-2010 00:00:00,-0.548578506582664,08:30,25-Mar-2010 08:30:00,25-Mar-2010 13:30:00
01-Apr-2010 00:00:00,0.0493889556834172,08:30,01-Apr-2010 08:30:00,01-Apr-2010 14:30:00
08-Apr-2010 00:00:00,1.45604232557242,08:30,08-Apr-2010 08:30:00,08-Apr-2010 14:30:00
15-Apr-2010 00:00:00,2.6950178612485,08:30,15-Apr-2010 08:30:00,15-Apr-2010 14:30:00
22-Apr-2010 00:00:00,0.223065684277694,08:30,22-Apr-2010 08:30:00,22-Apr-2010 14:30:00
29-Apr-2010 00:00:00,0.241644784351999,08:30,29-Apr-2010 08:30:00,29-Apr-2010 14:30:00
06-May-2010 00:00:00,0.142342697747961,08:30,06-May-2010 08:30:00,06-May-2010 14:30:00
13-May-2010 00:00:00,0.306060096835322,08:30,13-May-2010 08:30:00,13-May-2010 14:30:00
20-May-2010 00:00:00,1.83461333022125,08:30,20-May-2010 08:30:00,20-May-2010 14:30:00
27-May-2010 00:00:00,0.34298533021184,08:30,27-May-2010 08:30:00,27-May-2010 14:30:00
03-Jun-2010 00:00:00,-0.0235878856742716,08:30,03-Jun-2010 08:30:00,03-Jun-2010 14:30:00
10-Jun-2010 00:00:00,0.386957808444127,08:30,10-Jun-2010 08:30:00,10-Jun-2010 14:30:00
17-Jun-2010 00:00:00,1.19675030823448,08:30,17-Jun-2010 08:30:00,17-Jun-2010 14:30:00
24-Jun-2010 00:00:00,-0.313398550156206,08:30,24-Jun-2010 08:30:00,24-Jun-2010 14:30:00
01-Jul-2010 00:00:00,1.02231643763091,08:30,01-Jul-2010 08:30:00,01-Jul-2010 14:30:00
08-Jul-2010 00:00:00,-0.38183253945811,08:30,08-Jul-2010 08:30:00,08-Jul-2010 14:30:00
15-Jul-2010 00:00:00,-0.802570529855516,08:30,15-Jul-2010 08:30:00,15-Jul-2010 14:30:00
22-Jul-2010 00:00:00,0.89168032018055,08:30,22-Jul-2010 08:30:00,22-Jul-2010 14:30:00
29-Jul-2010 00:00:00,-0.374435844444202,08:30,29-Jul-2010 08:30:00,29-Jul-2010 14:30:00
05-Aug-2010 00:00:00,1.33006554356389,08:30,05-Aug-2010 08:30:00,05-Aug-2010 14:30:00
12-Aug-2010 00:00:00,1.11212512827222,08:30,12-Aug-2010 08:30:00,12-Aug-2010 14:30:00
19-Aug-2010 00:00:00,1.3021095309129,08:30,19-Aug-2010 08:30:00,19-Aug-2010 14:30:00
26-Aug-2010 00:00:00,-1.07019110929573,08:30,26-Aug-2010 08:30:00,26-Aug-2010 14:30:00
02-Sep-2010 00:00:00,-0.117939428371365,08:30,02-Sep-2010 08:30:00,02-Sep-2010 14:30:00
09-Sep-2010 00:00:00,-1.10787348468154,08:30,09-Sep-2010 08:30:00,09-Sep-2010 14:30:00
16-Sep-2010 00:00:00,-0.400761089690551,08:30,16-Sep-2010 08:30:00,16-Sep-2010 14:30:00
23-Sep-2010 00:00:00,0.76582002155807,08:30,23-Sep-2010 08:30:00,23-Sep-2010 14:30:00
30-Sep-2010 00:00:00,-0.386608358285987,08:30,30-Sep-2010 08:30:00,30-Sep-2010 14:30:00
07-Oct-2010 00:00:00,-0.477057707550546,08:30,07-Oct-2010 08:30:00,07-Oct-2010 14:30:00
14-Oct-2010 00:00:00,0.983935161928818,08:30,14-Oct-2010 08:30:00,14-Oct-2010 14:30:00
21-Oct-2010 00:00:00,-0.0334307317951435,08:30,21-Oct-2010 08:30:00,21-Oct-2010 14:30:00
28-Oct-2010 00:00:00,-1.01072634071935,08:30,28-Oct-2010 08:30:00,28-Oct-2010 14:30:00
04-Nov-2010 00:00:00,0.859647389017956,08:30,04-Nov-2010 08:30:00,04-Nov-2010 13:30:00
11-Nov-2010 00:00:00,-0.816665019567058,08:30,11-Nov-2010 08:30:00,11-Nov-2010 14:30:00
18-Nov-2010 00:00:00,-0.127898757878283,08:30,18-Nov-2010 08:30:00,18-Nov-2010 14:30:00
25-Nov-2010 00:00:00,-1.60648061865056,08:30,25-Nov-2010 08:30:00,25-Nov-2010 14:30:00
02-Dec-2010 00:00:00,0.739785984776835,08:30,02-Dec-2010 08:30:00,02-Dec-2010 14:30:00
09-Dec-2010 00:00:00,-0.177054746789607,08:30,09-Dec-2010 08:30:00,09-Dec-2010 14:30:00
16-Dec-2010 00:00:00,-0.137100945375898,08:30,16-Dec-2010 08:30:00,16-Dec-2010 14:30:00
23-Dec-2010 00:00:00,0.0931867088366362,08:30,23-Dec-2010 08:30:00,23-Dec-2010 14:30:00
30-Dec-2010 00:00:00,-1.57450592918099,08:30,30-Dec-2010 08:30:00,30-Dec-2010 14:30:00
06-Jan-2011 00:00:00,0.13587786982242,08:30,06-Jan-2011 08:30:00,06-Jan-2011 14:30:00
13-Jan-2011 00:00:00,2.2056129147771,08:30,13-Jan-2011 08:30:00,13-Jan-2011 14:30:00
20-Jan-2011 00:00:00,-1.1042042580211,08:30,20-Jan-2011 08:30:00,20-Jan-2011 14:30:00
27-Jan-2011 00:00:00,2.75302658749931,08:30,27-Jan-2011 08:30:00,27-Jan-2011 14:30:00
03-Feb-2011 00:00:00,-0.255389823905402,08:30,03-Feb-2011 08:30:00,03-Feb-2011 14:30:00
10-Feb-2011 00:00:00,-1.633038830669,08:30,10-Feb-2011 08:30:00,10-Feb-2011 14:30:00
17-Feb-2011 00:00:00,0.401518231699851,08:30,17-Feb-2011 08:30:00,17-Feb-2011 14:30:00
24-Feb-2011 00:00:00,-0.74229037757682,08:30,24-Feb-2011 08:30:00,24-Feb-2011 14:30:00
03-Mar-2011 00:00:00,-1.52540818196269,08:30,03-Mar-2011 08:30:00,03-Mar-2011 14:30:00
10-Mar-2011 00:00:00,1.15178772122081,08:30,10-Mar-2011 08:30:00,10-Mar-2011 14:30:00
17-Mar-2011 00:00:00,-0.0979625276645133,08:30,17-Mar-2011 08:30:00,17-Mar-2011 13:30:00
24-Mar-2011 00:00:00,0.00250439279998493,08:30,24-Mar-2011 08:30:00,24-Mar-2011 13:30:00
31-Mar-2011 00:00:00,0.496452191327172,08:30,31-Mar-2011 08:30:00,31-Mar-2011 14:30:00
07-Apr-2011 00:00:00,-0.158475646715302,08:30,07-Apr-2011 08:30:00,07-Apr-2011 14:30:00
14-Apr-2011 00:00:00,1.85301770521648,08:30,14-Apr-2011 08:30:00,14-Apr-2011 14:30:00
21-Apr-2011 00:00:00,0.656791572219206,08:30,21-Apr-2011 08:30:00,21-Apr-2011 14:30:00
28-Apr-2011 00:00:00,1.9848186565273,08:30,28-Apr-2011 08:30:00,28-Apr-2011 14:30:00
05-May-2011 00:00:00,3.70213321700043,08:30,05-May-2011 08:30:00,05-May-2011 14:30:00
12-May-2011 00:00:00,0.377231445709301,08:30,12-May-2011 08:30:00,12-May-2011 14:30:00
19-May-2011 00:00:00,-0.68701901089809,08:30,19-May-2011 08:30:00,19-May-2011 14:30:00
26-May-2011 00:00:00,1.14747783593711,08:30,26-May-2011 08:30:00,26-May-2011 14:30:00
02-Jun-2011 00:00:00,0.252768947719371,08:30,02-Jun-2011 08:30:00,02-Jun-2011 14:30:00
09-Jun-2011 00:00:00,0.513458765689856,08:30,09-Jun-2011 08:30:00,09-Jun-2011 14:30:00
16-Jun-2011 00:00:00,-0.403906141113789,08:30,16-Jun-2011 08:30:00,16-Jun-2011 14:30:00
23-Jun-2011 00:00:00,0.881080332050382,08:30,23-Jun-2011 08:30:00,23-Jun-2011 14:30:00
30-Jun-2011 00:00:00,0.367039149430297,08:30,30-Jun-2011 08:30:00,30-Jun-2011 14:30:00
07-Jul-2011 00:00:00,-0.173502003515209,08:30,07-Jul-2011 08:30:00,07-Jul-2011 14:30:00
14-Jul-2011 00:00:00,-0.563371896610481,08:30,14-Jul-2011 08:30:00,14-Jul-2011 14:30:00
21-Jul-2011 00:00:00,0.629243251419375,08:30,21-Jul-2011 08:30:00,21-Jul-2011 14:30:00
28-Jul-2011 00:00:00,-1.02715049815181,08:30,28-Jul-2011 08:30:00,28-Jul-2011 14:30:00
04-Aug-2011 00:00:00,-0.293712857914469,08:30,04-Aug-2011 08:30:00,04-Aug-2011 14:30:00
11-Aug-2011 00:00:00,-0.565410355866284,08:30,11-Aug-2011 08:30:00,11-Aug-2011 14:30:00
18-Aug-2011 00:00:00,0.45743025700183,08:30,18-Aug-2011 08:30:00,18-Aug-2011 14:30:00
25-Aug-2011 00:00:00,0.614042169540401,08:30,25-Aug-2011 08:30:00,25-Aug-2011 14:30:00
01-Sep-2011 00:00:00,0.0392549010974312,08:30,01-Sep-2011 08:30:00,01-Sep-2011 14:30:00
08-Sep-2011 00:00:00,0.312524924760863,08:30,08-Sep-2011 08:30:00,08-Sep-2011 14:30:00
15-Sep-2011 00:00:00,0.78509802194865,08:30,15-Sep-2011 08:30:00,15-Sep-2011 14:30:00
22-Sep-2011 00:00:00,0.190275611105804,08:30,22-Sep-2011 08:30:00,22-Sep-2011 14:30:00
29-Sep-2011 00:00:00,-1.68295196158963,08:30,29-Sep-2011 08:30:00,29-Sep-2011 14:30:00
06-Oct-2011 00:00:00,-0.458944541020426,08:30,06-Oct-2011 08:30:00,06-Oct-2011 14:30:00
13-Oct-2011 00:00:00,-0.0454285205578579,08:30,13-Oct-2011 08:30:00,13-Oct-2011 14:30:00
20-Oct-2011 00:00:00,-0.00634834453949461,08:30,20-Oct-2011 08:30:00,20-Oct-2011 14:30:00
27-Oct-2011 00:00:00,-0.0339549070323504,08:30,27-Oct-2011 08:30:00,27-Oct-2011 14:30:00
03-Nov-2011 00:00:00,-0.305477679905094,08:30,03-Nov-2011 08:30:00,03-Nov-2011 13:30:00
10-Nov-2011 00:00:00,-0.565934531103487,08:30,10-Nov-2011 08:30:00,10-Nov-2011 14:30:00
17-Nov-2011 00:00:00,-0.405070974974246,08:30,17-Nov-2011 08:30:00,17-Nov-2011 14:30:00
24-Nov-2011 00:00:00,0.19825472304994,08:30,24-Nov-2011 08:30:00,24-Nov-2011 14:30:00
01-Dec-2011 00:00:00,0.602743281093958,08:30,01-Dec-2011 08:30:00,01-Dec-2011 14:30:00
08-Dec-2011 00:00:00,-0.847591358562217,08:30,08-Dec-2011 08:30:00,08-Dec-2011 14:30:00
15-Dec-2011 00:00:00,-1.38912262028911,08:30,15-Dec-2011 08:30:00,15-Dec-2011 14:30:00
22-Dec-2011 00:00:00,-0.842582572962247,08:30,22-Dec-2011 08:30:00,22-Dec-2011 14:30:00
29-Dec-2011 00:00:00,0.431337978527574,08:30,29-Dec-2011 08:30:00,29-Dec-2011 14:30:00
05-Jan-2012 00:00:00,-0.266688712351845,08:30,05-Jan-2012 08:30:00,05-Jan-2012 14:30:00
12-Jan-2012 00:00:00,1.2496920071923,08:30,12-Jan-2012 08:30:00,12-Jan-2012 14:30:00
19-Jan-2012 00:00:00,-1.81545181321672,08:30,19-Jan-2012 08:30:00,19-Jan-2012 14:30:00
26-Jan-2012 00:00:00,0.411419319513744,08:30,26-Jan-2012 08:30:00,26-Jan-2012 14:30:00
02-Feb-2012 00:00:00,-0.320329311625932,08:30,02-Feb-2012 08:30:00,02-Feb-2012 14:30:00
09-Feb-2012 00:00:00,-0.645492683772767,08:30,09-Feb-2012 08:30:00,09-Feb-2012 14:30:00
16-Feb-2012 00:00:00,-0.948698937649965,08:30,16-Feb-2012 08:30:00,16-Feb-2012 14:30:00
23-Feb-2012 00:00:00,-0.127607549413165,08:30,23-Feb-2012 08:30:00,23-Feb-2012 14:30:00
01-Mar-2012 00:00:00,-0.156903121003685,08:30,01-Mar-2012 08:30:00,01-Mar-2012 14:30:00
08-Mar-2012 00:00:00,0.534251050099032,08:30,08-Mar-2012 08:30:00,08-Mar-2012 14:30:00
15-Mar-2012 00:00:00,-0.413283053690476,08:30,15-Mar-2012 08:30:00,15-Mar-2012 13:30:00
22-Mar-2012 00:00:00,-0.249449171217068,08:30,22-Mar-2012 08:30:00,22-Mar-2012 13:30:00
29-Mar-2012 00:00:00,0.563430138303502,08:30,29-Mar-2012 08:30:00,29-Mar-2012 14:30:00
05-Apr-2012 00:00:00,0.00273735957207763,08:30,05-Apr-2012 08:30:00,05-Apr-2012 14:30:00
12-Apr-2012 00:00:00,1.26483484737825,08:30,12-Apr-2012 08:30:00,12-Apr-2012 14:30:00
19-Apr-2012 00:00:00,0.923189076105937,08:30,19-Apr-2012 08:30:00,19-Apr-2012 14:30:00
26-Apr-2012 00:00:00,0.776536493074284,08:30,26-Apr-2012 08:30:00,26-Apr-2012 14:30:00
03-May-2012 00:00:00,-0.724235452739722,08:30,03-May-2012 08:30:00,03-May-2012 14:30:00
10-May-2012 00:00:00,-0.0248109612277533,08:30,10-May-2012 08:30:00,10-May-2012 14:30:00
17-May-2012 00:00:00,0.183228366250034,08:30,17-May-2012 08:30:00,17-May-2012 14:30:00
24-May-2012 00:00:00,0.035469191050943,08:30,24-May-2012 08:30:00,24-May-2012 14:30:00
31-May-2012 00:00:00,0.792319991883487,08:30,31-May-2012 08:30:00,31-May-2012 14:30:00
07-Jun-2012 00:00:00,-0.0772867266413839,08:30,07-Jun-2012 08:30:00,07-Jun-2012 14:30:00
14-Jun-2012 00:00:00,0.615672936945043,08:30,14-Jun-2012 08:30:00,14-Jun-2012 14:30:00
21-Jun-2012 00:00:00,0.279560126509905,08:30,21-Jun-2012 08:30:00,21-Jun-2012 14:30:00
28-Jun-2012 00:00:00,0.0620274030693849,08:30,28-Jun-2012 08:30:00,28-Jun-2012 14:30:00
05-Jul-2012 00:00:00,-0.695114606228273,08:30,05-Jul-2012 08:30:00,05-Jul-2012 14:30:00
12-Jul-2012 00:00:00,-1.31043809301518,08:30,12-Jul-2012 08:30:00,12-Jul-2012 14:30:00
19-Jul-2012 00:00:00,1.28935460014089,08:30,19-Jul-2012 08:30:00,19-Jul-2012 14:30:00
26-Jul-2012 00:00:00,-1.58277624959024,08:30,26-Jul-2012 08:30:00,26-Jul-2012 14:30:00
02-Aug-2012 00:00:00,-0.317242501895719,08:30,02-Aug-2012 08:30:00,02-Aug-2012 14:30:00
09-Aug-2012 00:00:00,-0.460517066732044,08:30,09-Aug-2012 08:30:00,09-Aug-2012 14:30:00
16-Aug-2012 00:00:00,0.0983702195156739,08:30,16-Aug-2012 08:30:00,16-Aug-2012 14:30:00
23-Aug-2012 00:00:00,0.367912774825639,08:30,23-Aug-2012 08:30:00,23-Aug-2012 14:30:00
30-Aug-2012 00:00:00,0.195692088556934,08:30,30-Aug-2012 08:30:00,30-Aug-2012 14:30:00
06-Sep-2012 00:00:00,-0.404080866192857,08:30,06-Sep-2012 08:30:00,06-Sep-2012 14:30:00
13-Sep-2012 00:00:00,0.702394817856135,08:30,13-Sep-2012 08:30:00,13-Sep-2012 14:30:00
20-Sep-2012 00:00:00,0.49918955089925,08:30,20-Sep-2012 08:30:00,20-Sep-2012 14:30:00
27-Sep-2012 00:00:00,-1.01072634071935,08:30,27-Sep-2012 08:30:00,27-Sep-2012 14:30:00
04-Oct-2012 00:00:00,-0.147293241654906,08:30,04-Oct-2012 08:30:00,04-Oct-2012 14:30:00
11-Oct-2012 00:00:00,-1.69733765976628,08:30,11-Oct-2012 08:30:00,11-Oct-2012 14:30:00
18-Oct-2012 00:00:00,1.4061291946518,08:30,18-Oct-2012 08:30:00,18-Oct-2012 14:30:00
25-Oct-2012 00:00:00,-0.0691911313112007,08:30,25-Oct-2012 08:30:00,25-Oct-2012 14:30:00
01-Nov-2012 00:00:00,-0.335180943346771,08:30,01-Nov-2012 08:30:00,01-Nov-2012 13:30:00
08-Nov-2012 00:00:00,-0.869082543287667,08:30,08-Nov-2012 08:30:00,08-Nov-2012 14:30:00
15-Nov-2012 00:00:00,3.58366961339186,08:30,15-Nov-2012 08:30:00,15-Nov-2012 14:30:00
22-Nov-2012 00:00:00,-0.413166570304429,08:30,22-Nov-2012 08:30:00,22-Nov-2012 14:30:00
29-Nov-2012 00:00:00,0.0820043037762396,08:30,29-Nov-2012 08:30:00,29-Nov-2012 14:30:00
06-Dec-2012 00:00:00,-0.536522476126924,08:30,06-Dec-2012 08:30:00,06-Dec-2012 14:30:00
13-Dec-2012 00:00:00,-1.49302580064196,08:30,13-Dec-2012 08:30:00,13-Dec-2012 14:30:00
20-Dec-2012 00:00:00,0.17472507906869,08:30,20-Dec-2012 08:30:00,20-Dec-2012 14:30:00
27-Dec-2012 00:00:00,-0.723070618879265,08:30,27-Dec-2012 08:30:00,27-Dec-2012 14:30:00
03-Jan-2013 00:00:00,0.569079582526725,08:30,03-Jan-2013 08:30:00,03-Jan-2013 14:30:00
10-Jan-2013 00:00:00,0.390685276797593,08:30,10-Jan-2013 08:30:00,10-Jan-2013 14:30:00
17-Jan-2013 00:00:00,-1.81597598845392,08:30,17-Jan-2013 08:30:00,17-Jan-2013 14:30:00
24-Jan-2013 00:00:00,-1.43344454867954,08:30,24-Jan-2013 08:30:00,24-Jan-2013 14:30:00
31-Jan-2013 00:00:00,0.645201475307649,08:30,31-Jan-2013 08:30:00,31-Jan-2013 14:30:00
07-Feb-2013 00:00:00,0.397790763346384,08:30,07-Feb-2013 08:30:00,07-Feb-2013 14:30:00
14-Feb-2013 00:00:00,-1.17316242256021,08:30,14-Feb-2013 08:30:00,14-Feb-2013 14:30:00
21-Feb-2013 00:00:00,0.469544529150595,08:30,21-Feb-2013 08:30:00,21-Feb-2013 14:30:00
28-Feb-2013 00:00:00,-0.988769222449717,08:30,28-Feb-2013 08:30:00,28-Feb-2013 14:30:00
07-Mar-2013 00:00:00,-0.705889319437509,08:30,07-Mar-2013 08:30:00,07-Mar-2013 14:30:00
14-Mar-2013 00:00:00,-0.90455173433861,08:30,14-Mar-2013 08:30:00,14-Mar-2013 13:30:00
21-Mar-2013 00:00:00,-0.291208465114484,08:30,21-Mar-2013 08:30:00,21-Mar-2013 13:30:00
28-Mar-2013 00:00:00,1.02528676397507,08:30,28-Mar-2013 08:30:00,28-Mar-2013 13:30:00
04-Apr-2013 00:00:00,1.71877060279871,08:30,04-Apr-2013 08:30:00,04-Apr-2013 14:30:00
11-Apr-2013 00:00:00,-0.890282519548,08:30,11-Apr-2013 08:30:00,11-Apr-2013 14:30:00
18-Apr-2013 00:00:00,0.118987778845778,08:30,18-Apr-2013 08:30:00,18-Apr-2013 14:30:00
25-Apr-2013 00:00:00,-0.7262156703025,08:30,25-Apr-2013 08:30:00,25-Apr-2013 14:30:00
02-May-2013 00:00:00,-1.29646008668968,08:30,02-May-2013 08:30:00,02-May-2013 14:30:00
09-May-2013 00:00:00,-0.73407829886059,08:30,09-May-2013 08:30:00,09-May-2013 14:30:00
16-May-2013 00:00:00,1.66687725431531,08:30,16-May-2013 08:30:00,16-May-2013 14:30:00
23-May-2013 00:00:00,-0.408856685020734,08:30,23-May-2013 08:30:00,23-May-2013 14:30:00
30-May-2013 00:00:00,0.725050836442043,08:30,30-May-2013 08:30:00,30-May-2013 14:30:00
06-Jun-2013 00:00:00,0.0309845806881801,08:30,06-Jun-2013 08:30:00,06-Jun-2013 14:30:00
13-Jun-2013 00:00:00,-0.765703538172023,08:30,13-Jun-2013 08:30:00,13-Jun-2013 14:30:00
20-Jun-2013 00:00:00,0.802745254934587,08:30,20-Jun-2013 08:30:00,20-Jun-2013 14:30:00
27-Jun-2013 00:00:00,0.00594065268833404,08:30,27-Jun-2013 08:30:00,27-Jun-2013 14:30:00
04-Jul-2013 00:00:00,-0.171230577487316,08:30,04-Jul-2013 08:30:00,04-Jul-2013 14:30:00
11-Jul-2013 00:00:00,1.04835047441214,08:30,11-Jul-2013 08:30:00,11-Jul-2013 14:30:00
18-Jul-2013 00:00:00,-0.554460917577976,08:30,18-Jul-2013 08:30:00,18-Jul-2013 14:30:00
25-Jul-2013 00:00:00,0.142633906213075,08:30,25-Jul-2013 08:30:00,25-Jul-2013 14:30:00
01-Aug-2013 00:00:00,-1.10076799813275,08:30,01-Aug-2013 08:30:00,01-Aug-2013 14:30:00
08-Aug-2013 00:00:00,-0.244615110696166,08:30,08-Aug-2013 08:30:00,08-Aug-2013 14:30:00
15-Aug-2013 00:00:00,-0.771702432553382,08:30,15-Aug-2013 08:30:00,15-Aug-2013 14:30:00
22-Aug-2013 00:00:00,0.376124853541869,08:30,22-Aug-2013 08:30:00,22-Aug-2013 14:30:00
29-Aug-2013 00:00:00,-0.0658131131158731,08:30,29-Aug-2013 08:30:00,29-Aug-2013 14:30:00
05-Sep-2013 00:00:00,-0.504373061578288,08:30,05-Sep-2013 08:30:00,05-Sep-2013 14:30:00
12-Sep-2013 00:00:00,-2.21318433487008,08:30,12-Sep-2013 08:30:00,12-Sep-2013 14:30:00
19-Sep-2013 00:00:00,-1.31428204475469,08:30,19-Sep-2013 08:30:00,19-Sep-2013 14:30:00
26-Sep-2013 00:00:00,-1.14462399297899,08:30,26-Sep-2013 08:30:00,26-Sep-2013 14:30:00
03-Oct-2013 00:00:00,-0.335472151811885,08:30,03-Oct-2013 08:30:00,03-Oct-2013 14:30:00
10-Oct-2013 00:00:00,3.46724446903909,08:30,10-Oct-2013 08:30:00,10-Oct-2013 14:30:00
17-Oct-2013 00:00:00,1.14835146133245,08:30,17-Oct-2013 08:30:00,17-Oct-2013 14:30:00
24-Oct-2013 00:00:00,0.522952161652589,08:30,24-Oct-2013 08:30:00,24-Oct-2013 14:30:00
31-Oct-2013 00:00:00,0.0736757416739636,08:30,31-Oct-2013 08:30:00,31-Oct-2013 13:30:00
07-Nov-2013 00:00:00,0.00110659216743536,08:30,07-Nov-2013 08:30:00,07-Nov-2013 14:30:00
14-Nov-2013 00:00:00,0.41112811104863,08:30,14-Nov-2013 08:30:00,14-Nov-2013 14:30:00
21-Nov-2013 00:00:00,-0.640658623251865,08:30,21-Nov-2013 08:30:00,21-Nov-2013 14:30:00
28-Nov-2013 00:00:00,-0.781720003753322,08:30,28-Nov-2013 08:30:00,28-Nov-2013 14:30:00
05-Dec-2013 00:00:00,-1.40065447550764,08:30,05-Dec-2013 08:30:00,05-Dec-2013 14:30:00
12-Dec-2013 00:00:00,2.48086315600331,08:30,12-Dec-2013 08:30:00,12-Dec-2013 14:30:00
19-Dec-2013 00:00:00,2.33572485699025,08:30,19-Dec-2013 08:30:00,19-Dec-2013 14:30:00
26-Dec-2013 00:00:00,-0.266222778807663,08:30,26-Dec-2013 08:30:00,26-Dec-2013 14:30:00
02-Jan-2014 00:00:00,-0.340480937411855,08:30,02-Jan-2014 08:30:00,02-Jan-2014 14:30:00
09-Jan-2014 00:00:00,-0.328366665263091,08:30,09-Jan-2014 08:30:00,09-Jan-2014 14:30:00
16-Jan-2014 00:00:00,-0.180432764984935,08:30,16-Jan-2014 08:30:00,16-Jan-2014 14:30:00
23-Jan-2014 00:00:00,-0.160747072743195,08:30,23-Jan-2014 08:30:00,23-Jan-2014 14:30:00
30-Jan-2014 00:00:00,1.1436338841976,08:30,30-Jan-2014 08:30:00,30-Jan-2014 14:30:00
06-Feb-2014 00:00:00,-0.300352410919078,08:30,06-Feb-2014 08:30:00,06-Feb-2014 14:30:00
13-Feb-2014 00:00:00,0.508508221782911,08:30,13-Feb-2014 08:30:00,13-Feb-2014 14:30:00
20-Feb-2014 00:00:00,0.129646008668968,08:30,20-Feb-2014 08:30:00,20-Feb-2014 14:30:00
27-Feb-2014 00:00:00,0.790106807548616,08:30,27-Feb-2014 08:30:00,27-Feb-2014 14:30:00
06-Mar-2014 00:00:00,-0.825634240292584,08:30,06-Mar-2014 08:30:00,06-Mar-2014 14:30:00
13-Mar-2014 00:00:00,-0.831866101446036,08:30,13-Mar-2014 08:30:00,13-Mar-2014 13:30:00
20-Mar-2014 00:00:00,-0.171288819180338,08:30,20-Mar-2014 08:30:00,20-Mar-2014 13:30:00
27-Mar-2014 00:00:00,-0.632330061149592,08:30,27-Mar-2014 08:30:00,27-Mar-2014 13:30:00
03-Apr-2014 00:00:00,0.437919289839161,08:30,03-Apr-2014 08:30:00,03-Apr-2014 14:30:00
10-Apr-2014 00:00:00,-1.16262067612306,08:30,10-Apr-2014 08:30:00,10-Apr-2014 14:30:00
17-Apr-2014 00:00:00,-0.561333437354678,08:30,17-Apr-2014 08:30:00,17-Apr-2014 14:30:00
24-Apr-2014 00:00:00,0.819344137446111,08:30,24-Apr-2014 08:30:00,24-Apr-2014 14:30:00
01-May-2014 00:00:00,1.38789954473563,08:30,01-May-2014 08:30:00,01-May-2014 14:30:00
08-May-2014 00:00:00,-0.431221495141528,08:30,08-May-2014 08:30:00,08-May-2014 14:30:00
15-May-2014 00:00:00,-1.21829973465296,08:30,15-May-2014 08:30:00,15-May-2014 14:30:00
22-May-2014 00:00:00,0.881779232366656,08:30,22-May-2014 08:30:00,22-May-2014 14:30:00
29-May-2014 00:00:00,-1.0355373019471,08:30,29-May-2014 08:30:00,29-May-2014 14:30:00
05-Jun-2014 00:00:00,0.0638328955530951,08:30,05-Jun-2014 08:30:00,05-Jun-2014 14:30:00
12-Jun-2014 00:00:00,0.381949022844157,08:30,12-Jun-2014 08:30:00,12-Jun-2014 14:30:00
19-Jun-2014 00:00:00,0.00349450158137394,08:30,19-Jun-2014 08:30:00,19-Jun-2014 14:30:00
26-Jun-2014 00:00:00,0.0124637223068998,08:30,26-Jun-2014 08:30:00,26-Jun-2014 14:30:00
03-Jul-2014 00:00:00,0.120094371013214,08:30,03-Jul-2014 08:30:00,03-Jul-2014 14:30:00
10-Jul-2014 00:00:00,-0.696337681781755,08:30,10-Jul-2014 08:30:00,10-Jul-2014 14:30:00
17-Jul-2014 00:00:00,-0.43850170676939,08:30,17-Jul-2014 08:30:00,17-Jul-2014 14:30:00
24-Jul-2014 00:00:00,-1.31859193003838,08:30,24-Jul-2014 08:30:00,24-Jul-2014 14:30:00
31-Jul-2014 00:00:00,0.0213747013394042,08:30,31-Jul-2014 08:30:00,31-Jul-2014 14:30:00
07-Aug-2014 00:00:00,-0.829012258487912,08:30,07-Aug-2014 08:30:00,07-Aug-2014 14:30:00
14-Aug-2014 00:00:00,0.850561684906384,08:30,14-Aug-2014 08:30:00,14-Aug-2014 14:30:00
21-Aug-2014 00:00:00,-0.278570017728516,08:30,21-Aug-2014 08:30:00,21-Aug-2014 14:30:00
28-Aug-2014 00:00:00,-0.120269096092282,08:30,28-Aug-2014 08:30:00,28-Aug-2014 14:30:00
04-Sep-2014 00:00:00,0.0974383524273064,08:30,04-Sep-2014 08:30:00,04-Sep-2014 14:30:00
11-Sep-2014 00:00:00,0.743804661595416,08:30,11-Sep-2014 08:30:00,11-Sep-2014 14:30:00
18-Sep-2014 00:00:00,-1.37537758073571,08:30,18-Sep-2014 08:30:00,18-Sep-2014 14:30:00
25-Sep-2014 00:00:00,-0.178510789115178,08:30,25-Sep-2014 08:30:00,25-Sep-2014 14:30:00
02-Oct-2014 00:00:00,-0.597850978880035,08:30,02-Oct-2014 08:30:00,02-Oct-2014 14:30:00
09-Oct-2014 00:00:00,-0.406527017299821,08:30,09-Oct-2014 08:30:00,09-Oct-2014 14:30:00
16-Oct-2014 00:00:00,-1.4821928457397,08:30,16-Oct-2014 08:30:00,16-Oct-2014 14:30:00
23-Oct-2014 00:00:00,0.0997097784551986,08:30,23-Oct-2014 08:30:00,23-Oct-2014 14:30:00
30-Oct-2014 00:00:00,0.164649266175729,08:30,30-Oct-2014 08:30:00,30-Oct-2014 13:30:00
06-Nov-2014 00:00:00,-0.399538014137073,08:30,06-Nov-2014 08:30:00,06-Nov-2014 14:30:00
13-Nov-2014 00:00:00,0.545025763308268,08:30,13-Nov-2014 08:30:00,13-Nov-2014 14:30:00
20-Nov-2014 00:00:00,0.48876428784815,08:30,20-Nov-2014 08:30:00,20-Nov-2014 14:30:00
27-Nov-2014 00:00:00,1.452431340605,08:30,27-Nov-2014 08:30:00,27-Nov-2014 14:30:00
04-Dec-2014 00:00:00,0.118987778845778,08:30,04-Dec-2014 08:30:00,04-Dec-2014 14:30:00
11-Dec-2014 00:00:00,-0.241120609114792,08:30,11-Dec-2014 08:30:00,11-Dec-2014 14:30:00
18-Dec-2014 00:00:00,-0.31060294889111,08:30,18-Dec-2014 08:30:00,18-Dec-2014 14:30:00
25-Dec-2014 00:00:00,-0.515497224945659,08:30,25-Dec-2014 08:30:00,25-Dec-2014 14:30:00
01-Jan-2015 00:00:00,0.516254366954956,08:30,01-Jan-2015 08:30:00,01-Jan-2015 14:30:00
08-Jan-2015 00:00:00,0.160514105971102,08:30,08-Jan-2015 08:30:00,08-Jan-2015 14:30:00
15-Jan-2015 00:00:00,1.22913268955521,08:30,15-Jan-2015 08:30:00,15-Jan-2015 14:30:00
22-Jan-2015 00:00:00,0.387540225374355,08:30,22-Jan-2015 08:30:00,22-Jan-2015 14:30:00
29-Jan-2015 00:00:00,-2.00531973247136,08:30,29-Jan-2015 08:30:00,29-Jan-2015 14:30:00
05-Feb-2015 00:00:00,-0.648812460275069,08:30,05-Feb-2015 08:30:00,05-Feb-2015 14:30:00
12-Feb-2015 00:00:00,0.934313239473309,08:30,12-Feb-2015 08:30:00,12-Feb-2015 14:30:00
19-Feb-2015 00:00:00,-0.490395055252792,08:30,19-Feb-2015 08:30:00,19-Feb-2015 14:30:00
26-Feb-2015 00:00:00,1.23256894944357,08:30,26-Feb-2015 08:30:00,26-Feb-2015 14:30:00
05-Mar-2015 00:00:00,1.36530176784275,08:30,05-Mar-2015 08:30:00,05-Mar-2015 14:30:00
12-Mar-2015 00:00:00,-0.885506700720123,08:30,12-Mar-2015 08:30:00,12-Mar-2015 13:30:00
19-Mar-2015 00:00:00,-0.178161338957043,08:30,19-Mar-2015 08:30:00,19-Mar-2015 13:30:00
26-Mar-2015 00:00:00,-0.575719135531334,08:30,26-Mar-2015 08:30:00,26-Mar-2015 13:30:00
02-Apr-2015 00:00:00,-1.12051193206751,08:30,02-Apr-2015 08:30:00,02-Apr-2015 14:30:00
09-Apr-2015 00:00:00,-0.142342697747961,08:30,09-Apr-2015 08:30:00,09-Apr-2015 14:30:00
16-Apr-2015 00:00:00,0.746658504553536,08:30,16-Apr-2015 08:30:00,16-Apr-2015 14:30:00
23-Apr-2015 00:00:00,0.376998478937212,08:30,23-Apr-2015 08:30:00,23-Apr-2015 14:30:00
30-Apr-2015 00:00:00,-1.52826202492081,08:30,30-Apr-2015 08:30:00,30-Apr-2015 14:30:00
07-May-2015 00:00:00,-0.719983809149051,08:30,07-May-2015 08:30:00,07-May-2015 14:30:00
14-May-2015 00:00:00,-0.550558724145442,08:30,14-May-2015 08:30:00,14-May-2015 14:30:00
21-May-2015 00:00:00,0.102796588185412,08:30,21-May-2015 08:30:00,21-May-2015 14:30:00
28-May-2015 00:00:00,0.550442240759399,08:30,28-May-2015 08:30:00,28-May-2015 14:30:00
04-Jun-2015 00:00:00,-0.244149177151984,08:30,04-Jun-2015 08:30:00,04-Jun-2015 14:30:00
11-Jun-2015 00:00:00,0.192896487291835,08:30,11-Jun-2015 08:30:00,11-Jun-2015 14:30:00
18-Jun-2015 00:00:00,-0.617594912814797,08:30,18-Jun-2015 08:30:00,18-Jun-2015 14:30:00
25-Jun-2015 00:00:00,-0.16866794299431,08:30,25-Jun-2015 08:30:00,25-Jun-2015 14:30:00
02-Jul-2015 00:00:00,0.492608239587662,08:30,02-Jul-2015 08:30:00,02-Jul-2015 14:30:00
09-Jul-2015 00:00:00,1.23035576510869,08:30,09-Jul-2015 08:30:00,09-Jul-2015 14:30:00
16-Jul-2015 00:00:00,-0.153175652650218,08:30,16-Jul-2015 08:30:00,16-Jul-2015 14:30:00
23-Jul-2015 00:00:00,-1.350683102894,08:30,23-Jul-2015 08:30:00,23-Jul-2015 14:30:00
30-Jul-2015 00:00:00,-0.277288700482013,08:30,30-Jul-2015 08:30:00,30-Jul-2015 14:30:00
06-Aug-2015 00:00:00,-0.105126255906329,08:30,06-Aug-2015 08:30:00,06-Aug-2015 14:30:00
13-Aug-2015 00:00:00,0.175656946157058,08:30,13-Aug-2015 08:30:00,13-Aug-2015 14:30:00
20-Aug-2015 00:00:00,0.287597480147064,08:30,20-Aug-2015 08:30:00,20-Aug-2015 14:30:00
27-Aug-2015 00:00:00,-0.122307555348085,08:30,27-Aug-2015 08:30:00,27-Aug-2015 14:30:00
03-Sep-2015 00:00:00,0.504780753429445,08:30,03-Sep-2015 08:30:00,03-Sep-2015 14:30:00
10-Sep-2015 00:00:00,-0.0193944837766262,08:30,10-Sep-2015 08:30:00,10-Sep-2015 14:30:00
17-Sep-2015 00:00:00,-0.671643203940045,08:30,17-Sep-2015 08:30:00,17-Sep-2015 14:30:00
24-Sep-2015 00:00:00,-0.339199620165352,08:30,24-Sep-2015 08:30:00,24-Sep-2015 14:30:00
01-Oct-2015 00:00:00,0.300934827849306,08:30,01-Oct-2015 08:30:00,01-Oct-2015 14:30:00
08-Oct-2015 00:00:00,-0.576243310768541,08:30,08-Oct-2015 08:30:00,08-Oct-2015 14:30:00
15-Oct-2015 00:00:00,-0.794649659604404,08:30,15-Oct-2015 08:30:00,15-Oct-2015 14:30:00
22-Oct-2015 00:00:00,-0.372979802118631,08:30,22-Oct-2015 08:30:00,22-Oct-2015 14:30:00
29-Oct-2015 00:00:00,-0.247818403812426,08:30,29-Oct-2015 08:30:00,29-Oct-2015 13:30:00
05-Nov-2015 00:00:00,0.787485931362588,08:30,05-Nov-2015 08:30:00,05-Nov-2015 14:30:00
12-Nov-2015 00:00:00,0.339956762174648,08:30,12-Nov-2015 08:30:00,12-Nov-2015 14:30:00
19-Nov-2015 00:00:00,-0.0101340545859828,08:30,19-Nov-2015 08:30:00,19-Nov-2015 14:30:00
26-Nov-2015 00:00:00,-0.60757734161486,08:30,26-Nov-2015 08:30:00,26-Nov-2015 14:30:00
03-Dec-2015 00:00:00,0.0909152828087406,08:30,03-Dec-2015 08:30:00,03-Dec-2015 14:30:00
10-Dec-2015 00:00:00,0.766635405260391,08:30,10-Dec-2015 08:30:00,10-Dec-2015 14:30:00
17-Dec-2015 00:00:00,-0.101282304166816,08:30,17-Dec-2015 08:30:00,17-Dec-2015 14:30:00
24-Dec-2015 00:00:00,-0.219512941003298,08:30,24-Dec-2015 08:30:00,24-Dec-2015 14:30:00
31-Dec-2015 00:00:00,0.860055080869116,08:30,31-Dec-2015 08:30:00,31-Dec-2015 14:30:00
07-Jan-2016 00:00:00,0.130170183906175,08:30,07-Jan-2016 08:30:00,07-Jan-2016 14:30:00
14-Jan-2016 00:00:00,0.432677537467099,08:30,14-Jan-2016 08:30:00,14-Jan-2016 14:30:00
21-Jan-2016 00:00:00,0.837690270748323,08:30,21-Jan-2016 08:30:00,21-Jan-2016 14:30:00
28-Jan-2016 00:00:00,-0.147293241654906,08:30,28-Jan-2016 08:30:00,28-Jan-2016 14:30:00
04-Feb-2016 00:00:00,0.379211663272082,08:30,04-Feb-2016 08:30:00,04-Feb-2016 14:30:00
11-Feb-2016 00:00:00,-0.698900316274761,08:30,11-Feb-2016 08:30:00,11-Feb-2016 14:30:00
18-Feb-2016 00:00:00,-0.701637675846839,08:30,18-Feb-2016 08:30:00,18-Feb-2016 14:30:00
25-Feb-2016 00:00:00,0.0607460858228817,08:30,25-Feb-2016 08:30:00,25-Feb-2016 14:30:00
03-Mar-2016 00:00:00,0.368029258211686,08:30,03-Mar-2016 08:30:00,03-Mar-2016 14:30:00
10-Mar-2016 00:00:00,-0.851784760459865,08:30,10-Mar-2016 08:30:00,10-Mar-2016 14:30:00
17-Mar-2016 00:00:00,-0.141469072352615,08:30,17-Mar-2016 08:30:00,17-Mar-2016 13:30:00
24-Mar-2016 00:00:00,-0.17612287970124,08:30,24-Mar-2016 08:30:00,24-Mar-2016 13:30:00
31-Mar-2016 00:00:00,0.531863140685094,08:30,31-Mar-2016 08:30:00,31-Mar-2016 14:30:00
07-Apr-2016 00:00:00,-0.223065684277694,08:30,07-Apr-2016 08:30:00,07-Apr-2016 14:30:00
14-Apr-2016 00:00:00,-0.97112198946378,08:30,14-Apr-2016 08:30:00,14-Apr-2016 14:30:00
21-Apr-2016 00:00:00,-0.983119778226497,08:30,21-Apr-2016 08:30:00,21-Apr-2016 14:30:00
28-Apr-2016 00:00:00,-0.109494382883046,08:30,28-Apr-2016 08:30:00,28-Apr-2016 14:30:00
05-May-2016 00:00:00,0.71130579688864,08:30,05-May-2016 08:30:00,05-May-2016 14:30:00
12-May-2016 00:00:00,1.45388738293057,08:30,12-May-2016 08:30:00,12-May-2016 14:30:00
19-May-2016 00:00:00,0.203205266956885,08:30,19-May-2016 08:30:00,19-May-2016 14:30:00
26-May-2016 00:00:00,-0.427901718639221,08:30,26-May-2016 08:30:00,26-May-2016 14:30:00
02-Jun-2016 00:00:00,-0.102854829878437,08:30,02-Jun-2016 08:30:00,02-Jun-2016 14:30:00
09-Jun-2016 00:00:00,-0.312291957988774,08:30,09-Jun-2016 08:30:00,09-Jun-2016 14:30:00
16-Jun-2016 00:00:00,0.467214861429677,08:30,16-Jun-2016 08:30:00,16-Jun-2016 14:30:00
23-Jun-2016 00:00:00,-0.658538823009895,08:30,23-Jun-2016 08:30:00,23-Jun-2016 14:30:00
30-Jun-2016 00:00:00,0.0701812400925897,08:30,30-Jun-2016 08:30:00,30-Jun-2016 14:30:00
07-Jul-2016 00:00:00,-0.794940868069518,08:30,07-Jul-2016 08:30:00,07-Jul-2016 14:30:00
14-Jul-2016 00:00:00,-0.783176046078893,08:30,14-Jul-2016 08:30:00,14-Jul-2016 14:30:00
21-Jul-2016 00:00:00,-0.726681603846682,08:30,21-Jul-2016 08:30:00,21-Jul-2016 14:30:00
28-Jul-2016 00:00:00,0.218406348835863,08:30,28-Jul-2016 08:30:00,28-Jul-2016 14:30:00
04-Aug-2016 00:00:00,0.191556928352307,08:30,04-Aug-2016 08:30:00,04-Aug-2016 14:30:00
11-Aug-2016 00:00:00,-0.0189867919254656,08:30,11-Aug-2016 08:30:00,11-Aug-2016 14:30:00
18-Aug-2016 00:00:00,-0.239897533561313,08:30,18-Aug-2016 08:30:00,18-Aug-2016 14:30:00
25-Aug-2016 00:00:00,-0.249623896296136,08:30,25-Aug-2016 08:30:00,25-Aug-2016 14:30:00
01-Sep-2016 00:00:00,-0.15119543508744,08:30,01-Sep-2016 08:30:00,01-Sep-2016 14:30:00
08-Sep-2016 00:00:00,-0.316951293430605,08:30,08-Sep-2016 08:30:00,08-Sep-2016 14:30:00
15-Sep-2016 00:00:00,-0.245372252705465,08:30,15-Sep-2016 08:30:00,15-Sep-2016 14:30:00
22-Sep-2016 00:00:00,-0.596336694861439,08:30,22-Sep-2016 08:30:00,22-Sep-2016 14:30:00
29-Sep-2016 00:00:00,-0.341762254658358,08:30,29-Sep-2016 08:30:00,29-Sep-2016 14:30:00
06-Oct-2016 00:00:00,-0.463487393076214,08:30,06-Oct-2016 08:30:00,06-Oct-2016 14:30:00
13-Oct-2016 00:00:00,-0.428018202025268,08:30,13-Oct-2016 08:30:00,13-Oct-2016 14:30:00
20-Oct-2016 00:00:00,0.472689580573831,08:30,20-Oct-2016 08:30:00,20-Oct-2016 14:30:00
27-Oct-2016 00:00:00,0.0327318314788687,08:30,27-Oct-2016 08:30:00,27-Oct-2016 14:30:00
03-Nov-2016 00:00:00,0.446073126862366,08:30,03-Nov-2016 08:30:00,03-Nov-2016 13:30:00
10-Nov-2016 00:00:00,-0.45958519964368,08:30,10-Nov-2016 08:30:00,10-Nov-2016 14:30:00
17-Nov-2016 00:00:00,-1.26943594112706,08:30,17-Nov-2016 08:30:00,17-Nov-2016 14:30:00
24-Nov-2016 00:00:00,0.137217428761944,08:30,24-Nov-2016 08:30:00,24-Nov-2016 14:30:00
01-Dec-2016 00:00:00,0.859064972087727,08:30,01-Dec-2016 08:30:00,01-Dec-2016 14:30:00
08-Dec-2016 00:00:00,0.0656966297298267,08:30,08-Dec-2016 08:30:00,08-Dec-2016 14:30:00
15-Dec-2016 00:00:00,-0.0178219580650071,08:30,15-Dec-2016 08:30:00,15-Dec-2016 14:30:00
22-Dec-2016 00:00:00,1.00431975448683,08:30,22-Dec-2016 08:30:00,22-Dec-2016 14:30:00
29-Dec-2016 00:00:00,0.0895757238692159,08:30,29-Dec-2016 08:30:00,29-Dec-2016 14:30:00
05-Jan-2017 00:00:00,-1.52203016376736,08:30,05-Jan-2017 08:30:00,05-Jan-2017 14:30:00
12-Jan-2017 00:00:00,-0.546481805633839,08:30,12-Jan-2017 08:30:00,12-Jan-2017 14:30:00
19-Jan-2017 00:00:00,-1.02185050408672,08:30,19-Jan-2017 08:30:00,19-Jan-2017 14:30:00
26-Jan-2017 00:00:00,0.609615800870661,08:30,26-Jan-2017 08:30:00,26-Jan-2017 14:30:00
02-Feb-2017 00:00:00,-0.329589740816572,08:30,02-Feb-2017 08:30:00,02-Feb-2017 14:30:00
09-Feb-2017 00:00:00,-0.838156204292507,08:30,09-Feb-2017 08:30:00,09-Feb-2017 14:30:00
16-Feb-2017 00:00:00,-0.261330476593738,08:30,16-Feb-2017 08:30:00,16-Feb-2017 14:30:00
23-Feb-2017 00:00:00,0.186664626138385,08:30,23-Feb-2017 08:30:00,23-Feb-2017 14:30:00
02-Mar-2017 00:00:00,-1.24474146328535,08:30,02-Mar-2017 08:30:00,02-Mar-2017 14:30:00
09-Mar-2017 00:00:00,0.264708494789065,08:30,09-Mar-2017 08:30:00,09-Mar-2017 14:30:00
16-Mar-2017 00:00:00,-0.071812007497232,08:30,16-Mar-2017 08:30:00,16-Mar-2017 13:30:00
23-Mar-2017 00:00:00,1.19086789723917,08:30,23-Mar-2017 08:30:00,23-Mar-2017 13:30:00
30-Mar-2017 00:00:00,0.608916900554387,08:30,30-Mar-2017 08:30:00,30-Mar-2017 14:30:00
06-Apr-2017 00:00:00,-0.892553945575892,08:30,06-Apr-2017 08:30:00,06-Apr-2017 14:30:00
13-Apr-2017 00:00:00,-0.717887108200225,08:30,13-Apr-2017 08:30:00,13-Apr-2017 14:30:00
20-Apr-2017 00:00:00,0.141003138808433,08:30,20-Apr-2017 08:30:00,20-Apr-2017 14:30:00
27-Apr-2017 00:00:00,0.734835440869888,08:30,27-Apr-2017 08:30:00,27-Apr-2017 14:30:00
04-May-2017 00:00:00,-0.538735660461795,08:30,04-May-2017 08:30:00,04-May-2017 14:30:00
11-May-2017 00:00:00,-0.45579948959719,08:30,11-May-2017 08:30:00,11-May-2017 14:30:00
18-May-2017 00:00:00,-0.476125840462182,08:30,18-May-2017 08:30:00,18-May-2017 14:30:00
25-May-2017 00:00:00,-0.193711870994154,08:30,25-May-2017 08:30:00,25-May-2017 14:30:00
01-Jun-2017 00:00:00,0.592783951587043,08:30,01-Jun-2017 08:30:00,01-Jun-2017 14:30:00
08-Jun-2017 00:00:00,0.323124912891031,08:30,08-Jun-2017 08:30:00,08-Jun-2017 14:30:00
15-Jun-2017 00:00:00,-0.26901838007276,08:30,15-Jun-2017 08:30:00,15-Jun-2017 14:30:00
22-Jun-2017 00:00:00,0.0880031981575968,08:30,22-Jun-2017 08:30:00,22-Jun-2017 14:30:00
29-Jun-2017 00:00:00,0.179908589747728,08:30,29-Jun-2017 08:30:00,29-Jun-2017 14:30:00
06-Jul-2017 00:00:00,0.296916151030729,08:30,06-Jul-2017 08:30:00,06-Jul-2017 14:30:00
13-Jul-2017 00:00:00,0.126617440631778,08:30,13-Jul-2017 08:30:00,13-Jul-2017 14:30:00
20-Jul-2017 00:00:00,-0.671817929019114,08:30,20-Jul-2017 08:30:00,20-Jul-2017 14:30:00
27-Jul-2017 00:00:00,0.162785531998996,08:30,27-Jul-2017 08:30:00,27-Jul-2017 14:30:00
03-Aug-2017 00:00:00,-0.142692147906096,08:30,03-Aug-2017 08:30:00,03-Aug-2017 14:30:00
10-Aug-2017 00:00:00,0.152010818789761,08:30,10-Aug-2017 08:30:00,10-Aug-2017 14:30:00
17-Aug-2017 00:00:00,-0.52697083847117,08:30,17-Aug-2017 08:30:00,17-Aug-2017 14:30:00
24-Aug-2017 00:00:00,-0.195051429933681,08:30,24-Aug-2017 08:30:00,24-Aug-2017 14:30:00
31-Aug-2017 00:00:00,-0.0928955003715203,08:30,31-Aug-2017 08:30:00,31-Aug-2017 14:30:00
07-Sep-2017 00:00:00,2.88692423975895,08:30,07-Sep-2017 08:30:00,07-Sep-2017 14:30:00
14-Sep-2017 00:00:00,0.931867088366348,08:30,14-Sep-2017 08:30:00,14-Sep-2017 14:30:00
21-Sep-2017 00:00:00,2.50439279998456,08:30,21-Sep-2017 08:30:00,21-Sep-2017 14:30:00
28-Sep-2017 00:00:00,-0.116483386045794,08:30,28-Sep-2017 08:30:00,28-Sep-2017 14:30:00
05-Oct-2017 00:00:00,0.291208465114484,08:30,05-Oct-2017 08:30:00,05-Oct-2017 14:30:00
12-Oct-2017 00:00:00,0.407691851160277,08:30,12-Oct-2017 08:30:00,12-Oct-2017 14:30:00
19-Oct-2017 00:00:00,1.04835047441214,08:30,19-Oct-2017 08:30:00,19-Oct-2017 14:30:00
26-Oct-2017 00:00:00,0.116483386045794,08:30,26-Oct-2017 08:30:00,26-Oct-2017 14:30:00
02-Nov-2017 00:00:00,0.349450158137381,08:30,02-Nov-2017 08:30:00,02-Nov-2017 13:30:00
09-Nov-2017 00:00:00,-0.407691851160277,08:30,09-Nov-2017 08:30:00,09-Nov-2017 14:30:00
16-Nov-2017 00:00:00,-0.815383702320555,08:30,16-Nov-2017 08:30:00,16-Nov-2017 14:30:00
22-Nov-2017 00:00:00,0.0582416930228968,08:30,22-Nov-2017 08:30:00,22-Nov-2017 14:30:00
30-Nov-2017 00:00:00,0.116483386045794,08:30,30-Nov-2017 08:30:00,30-Nov-2017 14:30:00
07-Dec-2017 00:00:00,0.232966772091587,08:30,07-Dec-2017 08:30:00,07-Dec-2017 14:30:00
14-Dec-2017 00:00:00,0.640658623251865,08:30,14-Dec-2017 08:30:00,14-Dec-2017 14:30:00
21-Dec-2017 00:00:00,-0.698900316274761,08:30,21-Dec-2017 08:30:00,21-Dec-2017 14:30:00
28-Dec-2017 00:00:00,-0.291208465114484,08:30,28-Dec-2017 08:30:00,28-Dec-2017 14:30:00
04-Jan-2018 00:00:00,-0.582416930228968,08:30,04-Jan-2018 08:30:00,04-Jan-2018 14:30:00
11-Jan-2018 00:00:00,-0.931867088366348,08:30,11-Jan-2018 08:30:00,11-Jan-2018 14:30:00
18-Jan-2018 00:00:00,1.68900909766401,08:30,18-Jan-2018 08:30:00,18-Jan-2018 14:30:00
25-Jan-2018 00:00:00,0.116483386045794,08:30,25-Jan-2018 08:30:00,25-Jan-2018 14:30:00
01-Feb-2018 00:00:00,0.291208465114484,08:30,01-Feb-2018 08:30:00,01-Feb-2018 14:30:00
08-Feb-2018 00:00:00,0.640658623251865,08:30,08-Feb-2018 08:30:00,08-Feb-2018 14:30:00
15-Feb-2018 00:00:00,-0.116483386045794,08:30,15-Feb-2018 08:30:00,15-Feb-2018 14:30:00
22-Feb-2018 00:00:00,0.465933544183174,08:30,22-Feb-2018 08:30:00,22-Feb-2018 14:30:00
01-Mar-2018 00:00:00,0.873625395343452,08:30,01-Mar-2018 08:30:00,01-Mar-2018 14:30:00
08-Mar-2018 00:00:00,-0.640658623251865,08:30,08-Mar-2018 08:30:00,08-Mar-2018 14:30:00
15-Mar-2018 00:00:00,0.116483386045794,08:30,15-Mar-2018 08:30:00,15-Mar-2018 13:30:00
22-Mar-2018 00:00:00,-0.232966772091587,08:30,22-Mar-2018 08:30:00,22-Mar-2018 13:30:00
29-Mar-2018 00:00:00,0.873625395343452,08:30,29-Mar-2018 08:30:00,29-Mar-2018 14:30:00
05-Apr-2018 00:00:00,-0.990108781389245,08:30,05-Apr-2018 08:30:00,05-Apr-2018 14:30:00
12-Apr-2018 00:00:00,-0.17472507906869,08:30,12-Apr-2018 08:30:00,12-Apr-2018 14:30:00
19-Apr-2018 00:00:00,-0.116483386045794,08:30,19-Apr-2018 08:30:00,19-Apr-2018 14:30:00
26-Apr-2018 00:00:00,1.22307555348083,08:30,26-Apr-2018 08:30:00,26-Apr-2018 14:30:00
03-May-2018 00:00:00,0.815383702320555,08:30,03-May-2018 08:30:00,03-May-2018 14:30:00
10-May-2018 00:00:00,0.465933544183174,08:30,10-May-2018 08:30:00,10-May-2018 14:30:00
17-May-2018 00:00:00,-0.407691851160277,08:30,17-May-2018 08:30:00,17-May-2018 14:30:00
24-May-2018 00:00:00,-0.815383702320555,08:30,24-May-2018 08:30:00,24-May-2018 14:30:00
31-May-2018 00:00:00,0.407691851160277,08:30,31-May-2018 08:30:00,31-May-2018 14:30:00
07-Jun-2018 00:00:00,-0.116483386045794,08:30,07-Jun-2018 08:30:00,07-Jun-2018 14:30:00
14-Jun-2018 00:00:00,0.291208465114484,08:30,14-Jun-2018 08:30:00,14-Jun-2018 14:30:00
21-Jun-2018 00:00:00,0.116483386045794,08:30,21-Jun-2018 08:30:00,21-Jun-2018 14:30:00
28-Jun-2018 00:00:00,-0.407691851160277,08:30,28-Jun-2018 08:30:00,28-Jun-2018 14:30:00
05-Jul-2018 00:00:00,-0.349450158137381,08:30,05-Jul-2018 08:30:00,05-Jul-2018 14:30:00
12-Jul-2018 00:00:00,0.640658623251865,08:30,12-Jul-2018 08:30:00,12-Jul-2018 14:30:00
19-Jul-2018 00:00:00,0.757142009297658,08:30,19-Jul-2018 08:30:00,19-Jul-2018 14:30:00
26-Jul-2018 00:00:00,-0.116483386045794,08:30,26-Jul-2018 08:30:00,26-Jul-2018 14:30:00
02-Aug-2018 00:00:00,0.116483386045794,08:30,02-Aug-2018 08:30:00,02-Aug-2018 14:30:00
09-Aug-2018 00:00:00,0.407691851160277,08:30,09-Aug-2018 08:30:00,09-Aug-2018 14:30:00
16-Aug-2018 00:00:00,0.17472507906869,08:30,16-Aug-2018 08:30:00,16-Aug-2018 14:30:00
23-Aug-2018 00:00:00,0.291208465114484,08:30,23-Aug-2018 08:30:00,23-Aug-2018 14:30:00
30-Aug-2018 00:00:00,-0.0582416930228968,08:30,30-Aug-2018 08:30:00,30-Aug-2018 14:30:00
06-Sep-2018 00:00:00,0.582416930228968,08:30,06-Sep-2018 08:30:00,06-Sep-2018 14:30:00
13-Sep-2018 00:00:00,0.349450158137381,08:30,13-Sep-2018 08:30:00,13-Sep-2018 14:30:00
20-Sep-2018 00:00:00,0.524175237206071,08:30,20-Sep-2018 08:30:00,20-Sep-2018 14:30:00
27-Sep-2018 00:00:00,-0.232966772091587,08:30,27-Sep-2018 08:30:00,27-Sep-2018 14:30:00
